<?xml version = '1.0' encoding = 'UTF-8'?>
<Diagram class="oracle.dbtools.crest.swingui.logical.DPVLogical" name="Logical" id="3155E426-C97D-A0AF-6A94-A7BFED1BBA02">
<createdBy>sidneibarbieri</createdBy>
<modifiedBy>sidneibarbieri</modifiedBy>
<createdTime>2017-04-22 22:36:39 UTC</createdTime>
<autoRoute>false</autoRoute>
<boxInbox>true</boxInbox>
<showLegend>false</showLegend>
<showLabels>false</showLabels>
<showRelAttributes>false</showRelAttributes>
<gridEnabled>false</gridEnabled>
<showGrid>false</showGrid>
<diagramColor>-1</diagramColor>
<display>false</display>
<notation>1</notation>
<objectViews>
<OView class="oracle.dbtools.crest.swingui.logical.TVEntity" oid="2D7A6ACE-7AC0-7D9E-BA88-36F9B417E4C9" otype="Entity" vid="584CDBD7-8414-F445-2A1E-B368FDA7AF79">
<hideElementsInCurrentOnly>false</hideElementsInCurrentOnly>
<bounds x="428" y="493" width="162" height="181"/>
</OView>
<OView class="oracle.dbtools.crest.swingui.logical.TVEntity" oid="83931E82-FEDB-30E5-75D8-DB215038D0E1" otype="Entity" vid="636A0770-5D1E-DA2D-4F6F-355597A1295B">
<hideElementsInCurrentOnly>false</hideElementsInCurrentOnly>
<bounds x="435" y="359" width="170" height="76"/>
</OView>
<OView class="oracle.dbtools.crest.swingui.logical.TVEntity" oid="844499A8-B528-1396-0307-AAE6002A8383" otype="Entity" vid="578AB7C3-8EA7-77F6-AB7D-3C95F56E007F">
<hideElementsInCurrentOnly>false</hideElementsInCurrentOnly>
<bounds x="902" y="432" width="172" height="93"/>
</OView>
<OView class="oracle.dbtools.crest.swingui.logical.TVEntity" oid="8C90B241-E9CD-E4BB-DB41-6D130A14D7FE" otype="Entity" vid="7F34CE99-BB0A-8F46-D8ED-3B6E33FF6018">
<hideElementsInCurrentOnly>false</hideElementsInCurrentOnly>
<bounds x="402" y="163" width="129" height="100"/>
</OView>
<OView class="oracle.dbtools.crest.swingui.logical.TVEntity" oid="B3F29A10-6869-3FEB-1A86-4BC936598332" otype="Entity" vid="A637A061-C245-3457-E9B1-2A2AB7D98087">
<hideElementsInCurrentOnly>false</hideElementsInCurrentOnly>
<bounds x="852" y="18" width="141" height="45"/>
</OView>
<OView class="oracle.dbtools.crest.swingui.logical.TVEntity" oid="BAAC005F-1296-AAA1-5BFF-16A30A5ABAA7" otype="Entity" vid="113A3AE0-1990-CE8D-EBEF-8ACEEB469EF9">
<hideElementsInCurrentOnly>false</hideElementsInCurrentOnly>
<bounds x="903" y="592" width="172" height="87"/>
</OView>
<OView class="oracle.dbtools.crest.swingui.logical.TVEntity" oid="C790AA83-3DFE-302F-A9E6-F0FB20C97EF2" otype="Entity" vid="D0439E46-29B8-67A2-6D4D-3EB0EF2846CC">
<hideElementsInCurrentOnly>false</hideElementsInCurrentOnly>
<bounds x="12" y="337" width="170" height="46"/>
</OView>
<OView class="oracle.dbtools.crest.swingui.logical.TVEntity" oid="D73F1A12-A49F-DF90-BCDA-E53D0C8C08E3" otype="Entity" vid="C68FF590-E5F1-B2A0-161B-0FEF3ACF832D">
<hideElementsInCurrentOnly>false</hideElementsInCurrentOnly>
<bounds x="402" y="86" width="130" height="65"/>
</OView>
<OView class="oracle.dbtools.crest.swingui.logical.TVEntity" oid="E7B51EFD-406E-DF16-6F58-F29DF987D8E5" otype="Entity" vid="5B2F65CC-F27D-C8E0-E3D0-99A22994C595">
<hideElementsInCurrentOnly>false</hideElementsInCurrentOnly>
<bounds x="915" y="271" width="170" height="102"/>
</OView>
<OView class="oracle.dbtools.crest.swingui.logical.TVEntity" oid="F9A64926-7438-144C-A685-05A5ECD7B3A0" otype="Entity" vid="DCAE469D-D79D-DA92-4FA6-41559F005BCB">
<hideElementsInCurrentOnly>false</hideElementsInCurrentOnly>
<bounds x="16" y="0" width="237" height="154"/>
</OView>
<OView class="oracle.dbtools.crest.swingui.logical.TVEntity" oid="FBB5D495-2A24-FEAC-A5E0-3BBEA4777F04" otype="Entity" vid="DF50FBAF-538B-2AE6-2B14-47734EF493F0">
<hideElementsInCurrentOnly>false</hideElementsInCurrentOnly>
<bounds x="998" y="33" width="141" height="58"/>
</OView>
<OView class="oracle.dbtools.crest.swingui.logical.TVEntity" oid="FF41185F-D362-FDD2-C700-EE1F8BCCC549" otype="Entity" vid="8DCE42C0-9DE9-45D0-BB4A-930369AC5FEA">
<hideElementsInCurrentOnly>false</hideElementsInCurrentOnly>
<bounds x="675" y="126" width="128" height="94"/>
</OView>
</objectViews>
<connectors>
<Connector class="oracle.dbtools.crest.swingui.logical.TVRelation" oid="181295F0-3B3F-2C30-D69D-AB127C4EAE42" otype="Relation" vid_source="D0439E46-29B8-67A2-6D4D-3EB0EF2846CC" vid_target="636A0770-5D1E-DA2D-4F6F-355597A1295B">
<hideElementsInCurrentOnly>false</hideElementsInCurrentOnly>
<lineWidth>1</lineWidth>
<points>
<point x="182" y="371"/>
<point x="435" y="371"/>
</points>
</Connector>
<Connector class="oracle.dbtools.crest.swingui.logical.TVRelation" oid="2EC7C31E-A48D-13D9-3540-00550A4C22A7" otype="Relation" vid_source="DF50FBAF-538B-2AE6-2B14-47734EF493F0" vid_target="5B2F65CC-F27D-C8E0-E3D0-99A22994C595">
<hideElementsInCurrentOnly>false</hideElementsInCurrentOnly>
<lineWidth>1</lineWidth>
<points>
<point x="1035" y="91"/>
<point x="1035" y="271"/>
</points>
</Connector>
<Connector class="oracle.dbtools.crest.swingui.logical.TVRelation" oid="5935619A-FEF8-234B-A28D-433D5CD5E530" otype="Relation" vid_source="8DCE42C0-9DE9-45D0-BB4A-930369AC5FEA" vid_target="7F34CE99-BB0A-8F46-D8ED-3B6E33FF6018">
<hideElementsInCurrentOnly>false</hideElementsInCurrentOnly>
<lineWidth>1</lineWidth>
<points>
<point x="675" y="191"/>
<point x="531" y="191"/>
</points>
</Connector>
<Connector class="oracle.dbtools.crest.swingui.logical.TVRelation" oid="7172D4E8-9B85-AB79-93FB-B182AEBA7047" otype="Relation" vid_source="636A0770-5D1E-DA2D-4F6F-355597A1295B" vid_target="584CDBD7-8414-F445-2A1E-B368FDA7AF79">
<hideElementsInCurrentOnly>false</hideElementsInCurrentOnly>
<lineWidth>1</lineWidth>
<points>
<point x="502" y="435"/>
<point x="502" y="493"/>
</points>
</Connector>
<Connector class="oracle.dbtools.crest.swingui.logical.TVRelation" oid="80C9CD37-63FF-0F78-7587-5E83FBC8BF58" otype="Relation" vid_source="DCAE469D-D79D-DA92-4FA6-41559F005BCB" vid_target="DF50FBAF-538B-2AE6-2B14-47734EF493F0">
<hideElementsInCurrentOnly>false</hideElementsInCurrentOnly>
<lineWidth>1</lineWidth>
<points>
<point x="253" y="62"/>
<point x="998" y="33"/>
</points>
</Connector>
<Connector class="oracle.dbtools.crest.swingui.logical.TVRelation" oid="86F7E558-192B-BD0F-D2E3-E94636FD2492" otype="Relation" vid_source="636A0770-5D1E-DA2D-4F6F-355597A1295B" vid_target="5B2F65CC-F27D-C8E0-E3D0-99A22994C595">
<hideElementsInCurrentOnly>false</hideElementsInCurrentOnly>
<lineWidth>1</lineWidth>
<points>
<point x="605" y="366"/>
<point x="915" y="366"/>
</points>
</Connector>
<Connector class="oracle.dbtools.crest.swingui.logical.TVRelation" oid="991DA741-D47F-756E-2398-059E74F7CAA4" otype="Relation" vid_source="DCAE469D-D79D-DA92-4FA6-41559F005BCB" vid_target="D0439E46-29B8-67A2-6D4D-3EB0EF2846CC">
<hideElementsInCurrentOnly>false</hideElementsInCurrentOnly>
<lineWidth>1</lineWidth>
<points>
<point x="99" y="154"/>
<point x="99" y="337"/>
</points>
</Connector>
<Connector class="oracle.dbtools.crest.swingui.logical.TVRelation" oid="B2735955-4D69-218C-96D1-7777409CF9EE" otype="Relation" vid_source="C68FF590-E5F1-B2A0-161B-0FEF3ACF832D" vid_target="8DCE42C0-9DE9-45D0-BB4A-930369AC5FEA">
<hideElementsInCurrentOnly>false</hideElementsInCurrentOnly>
<lineWidth>1</lineWidth>
<points>
<point x="532" y="138"/>
<point x="675" y="138"/>
</points>
</Connector>
<Connector class="oracle.dbtools.crest.swingui.logical.TVRelation" oid="C9A2F362-82F4-138C-8B9D-6BDCFD17EA52" otype="Relation" vid_source="A637A061-C245-3457-E9B1-2A2AB7D98087" vid_target="5B2F65CC-F27D-C8E0-E3D0-99A22994C595">
<hideElementsInCurrentOnly>false</hideElementsInCurrentOnly>
<lineWidth>1</lineWidth>
<points>
<point x="964" y="63"/>
<point x="964" y="271"/>
</points>
</Connector>
<Connector class="oracle.dbtools.crest.swingui.logical.TVRelation" oid="CACAADF9-CE15-4F9D-552B-26D45BA9EC53" otype="Relation" vid_source="8DCE42C0-9DE9-45D0-BB4A-930369AC5FEA" vid_target="5B2F65CC-F27D-C8E0-E3D0-99A22994C595">
<hideElementsInCurrentOnly>false</hideElementsInCurrentOnly>
<lineWidth>1</lineWidth>
<points>
<point x="803" y="173"/>
<point x="915" y="322"/>
</points>
</Connector>
<Connector class="oracle.dbtools.crest.swingui.logical.TVRelation" oid="D307C198-2841-74FB-6DB2-345D8CE71330" otype="Relation" vid_source="C68FF590-E5F1-B2A0-161B-0FEF3ACF832D" vid_target="DCAE469D-D79D-DA92-4FA6-41559F005BCB">
<hideElementsInCurrentOnly>false</hideElementsInCurrentOnly>
<lineWidth>1</lineWidth>
<points>
<point x="402" y="128"/>
<point x="253" y="128"/>
</points>
</Connector>
<Connector class="oracle.dbtools.crest.swingui.logical.TVRelation" oid="D71754F8-C931-5223-2189-73EF972DDC99" otype="Relation" vid_source="DF50FBAF-538B-2AE6-2B14-47734EF493F0" vid_target="578AB7C3-8EA7-77F6-AB7D-3C95F56E007F">
<hideElementsInCurrentOnly>false</hideElementsInCurrentOnly>
<lineWidth>1</lineWidth>
<points>
<point x="1017" y="91"/>
<point x="1017" y="432"/>
</points>
</Connector>
<Connector class="oracle.dbtools.crest.swingui.logical.TVRelation" oid="E8D543E3-6FE4-C4E6-696D-5FF60FF4ED03" otype="Relation" vid_source="A637A061-C245-3457-E9B1-2A2AB7D98087" vid_target="578AB7C3-8EA7-77F6-AB7D-3C95F56E007F">
<hideElementsInCurrentOnly>false</hideElementsInCurrentOnly>
<lineWidth>1</lineWidth>
<points>
<point x="902" y="63"/>
<point x="902" y="432"/>
</points>
</Connector>
<Connector class="oracle.dbtools.crest.swingui.logical.TVRelation" oid="F5E64A3B-DB1E-1E9F-11B1-405FEB473AE3" otype="Relation" vid_source="578AB7C3-8EA7-77F6-AB7D-3C95F56E007F" vid_target="636A0770-5D1E-DA2D-4F6F-355597A1295B">
<hideElementsInCurrentOnly>false</hideElementsInCurrentOnly>
<lineWidth>1</lineWidth>
<points>
<point x="902" y="433"/>
<point x="605" y="433"/>
</points>
</Connector>
<Connector class="oracle.dbtools.crest.swingui.logical.TVRelation" oid="FE1650D8-AC97-7A12-F813-08E4CF958AE7" otype="Relation" vid_source="113A3AE0-1990-CE8D-EBEF-8ACEEB469EF9" vid_target="578AB7C3-8EA7-77F6-AB7D-3C95F56E007F">
<hideElementsInCurrentOnly>false</hideElementsInCurrentOnly>
<lineWidth>1</lineWidth>
<points>
<point x="978" y="592"/>
<point x="978" y="525"/>
</points>
</Connector>
</connectors>
<displays>
<Display class="oracle.dbtools.crest.swingui.logical.DPVLogical" name="Display_1" id="0F5D9E5C-53E4-B595-0F49-30FE23A3F9A8">
<createdBy>sidneibarbieri</createdBy>
<modifiedBy>sidneibarbieri</modifiedBy>
<createdTime>2017-04-23 01:36:54 UTC</createdTime>
<autoRoute>false</autoRoute>
<boxInbox>true</boxInbox>
<showLegend>false</showLegend>
<showLabels>false</showLabels>
<showRelAttributes>false</showRelAttributes>
<gridEnabled>false</gridEnabled>
<showGrid>false</showGrid>
<diagramColor>-1</diagramColor>
<display>true</display>
<notation>1</notation>
<objectViews>
<OView class="oracle.dbtools.crest.swingui.logical.TVEntity" oid="2D7A6ACE-7AC0-7D9E-BA88-36F9B417E4C9" otype="Entity" vid="69555168-1E05-2698-7E37-A3CE81FEDE3C">
<hideElementsInCurrentOnly>false</hideElementsInCurrentOnly>
<bounds x="538" y="514" width="162" height="130"/>
</OView>
<OView class="oracle.dbtools.crest.swingui.logical.TVEntity" oid="83931E82-FEDB-30E5-75D8-DB215038D0E1" otype="Entity" vid="421B5E50-118C-F807-9E23-F6345F004056">
<hideElementsInCurrentOnly>false</hideElementsInCurrentOnly>
<bounds x="434" y="339" width="170" height="112"/>
</OView>
<OView class="oracle.dbtools.crest.swingui.logical.TVEntity" oid="844499A8-B528-1396-0307-AAE6002A8383" otype="Entity" vid="C2ACA040-0F9C-A5E8-189F-40D1EF1FF0E6">
<hideElementsInCurrentOnly>false</hideElementsInCurrentOnly>
<bounds x="70" y="90" width="170" height="110"/>
</OView>
<OView class="oracle.dbtools.crest.swingui.logical.TVEntity" oid="8C90B241-E9CD-E4BB-DB41-6D130A14D7FE" otype="Entity" vid="9410E5D5-4048-C920-BF4D-939F9B30C28F">
<hideElementsInCurrentOnly>false</hideElementsInCurrentOnly>
<bounds x="120" y="190" width="170" height="110"/>
</OView>
<OView class="oracle.dbtools.crest.swingui.logical.TVEntity" oid="B3F29A10-6869-3FEB-1A86-4BC936598332" otype="Entity" vid="244C52F0-0C93-CE15-7363-78207C32B0D0">
<hideElementsInCurrentOnly>false</hideElementsInCurrentOnly>
<bounds x="767" y="0" width="130" height="111"/>
</OView>
<OView class="oracle.dbtools.crest.swingui.logical.TVEntity" oid="BAAC005F-1296-AAA1-5BFF-16A30A5ABAA7" otype="Entity" vid="230A7D1F-6272-DFBF-DDC4-5D71EEFBA882">
<hideElementsInCurrentOnly>false</hideElementsInCurrentOnly>
<bounds x="327" y="515" width="172" height="112"/>
</OView>
<OView class="oracle.dbtools.crest.swingui.logical.TVEntity" oid="C790AA83-3DFE-302F-A9E6-F0FB20C97EF2" otype="Entity" vid="66B86292-9193-246E-4D38-B545E50D8173">
<hideElementsInCurrentOnly>false</hideElementsInCurrentOnly>
<bounds x="12" y="337" width="170" height="112"/>
</OView>
<OView class="oracle.dbtools.crest.swingui.logical.TVEntity" oid="D73F1A12-A49F-DF90-BCDA-E53D0C8C08E3" otype="Entity" vid="6F11AAF3-1B75-473E-FFD9-531937463E31">
<hideElementsInCurrentOnly>false</hideElementsInCurrentOnly>
<bounds x="423" y="86" width="130" height="111"/>
</OView>
<OView class="oracle.dbtools.crest.swingui.logical.TVEntity" oid="E7B51EFD-406E-DF16-6F58-F29DF987D8E5" otype="Entity" vid="C152DF98-D1B3-4C32-523F-1AFD602F4B04">
<hideElementsInCurrentOnly>false</hideElementsInCurrentOnly>
<bounds x="754" y="313" width="170" height="102"/>
</OView>
<OView class="oracle.dbtools.crest.swingui.logical.TVEntity" oid="F9A64926-7438-144C-A685-05A5ECD7B3A0" otype="Entity" vid="4D07D790-0265-D665-AA35-8E53FDB26E8F">
<hideElementsInCurrentOnly>false</hideElementsInCurrentOnly>
<bounds x="16" y="0" width="124" height="142"/>
</OView>
<OView class="oracle.dbtools.crest.swingui.logical.TVEntity" oid="FBB5D495-2A24-FEAC-A5E0-3BBEA4777F04" otype="Entity" vid="1180FD14-7735-64FC-B383-04987C8F7D4F">
<hideElementsInCurrentOnly>false</hideElementsInCurrentOnly>
<bounds x="180" y="310" width="170" height="110"/>
</OView>
<OView class="oracle.dbtools.crest.swingui.logical.TVEntity" oid="FF41185F-D362-FDD2-C700-EE1F8BCCC549" otype="Entity" vid="B06072D3-383E-940D-6A07-755F4490656F">
<hideElementsInCurrentOnly>false</hideElementsInCurrentOnly>
<bounds x="675" y="127" width="128" height="111"/>
</OView>
</objectViews>
<connectors>
<Connector class="oracle.dbtools.crest.swingui.logical.TVRelation" oid="181295F0-3B3F-2C30-D69D-AB127C4EAE42" otype="Relation" vid_source="66B86292-9193-246E-4D38-B545E50D8173" vid_target="421B5E50-118C-F807-9E23-F6345F004056">
<hideElementsInCurrentOnly>false</hideElementsInCurrentOnly>
<lineWidth>1</lineWidth>
<points>
<point x="182" y="394"/>
<point x="434" y="394"/>
</points>
</Connector>
<Connector class="oracle.dbtools.crest.swingui.logical.TVRelation" oid="2EC7C31E-A48D-13D9-3540-00550A4C22A7" otype="Relation" vid_source="1180FD14-7735-64FC-B383-04987C8F7D4F" vid_target="C152DF98-D1B3-4C32-523F-1AFD602F4B04">
<hideElementsInCurrentOnly>false</hideElementsInCurrentOnly>
<lineWidth>1</lineWidth>
<points>
<point x="350" y="364"/>
<point x="754" y="364"/>
</points>
</Connector>
<Connector class="oracle.dbtools.crest.swingui.logical.TVRelation" oid="5935619A-FEF8-234B-A28D-433D5CD5E530" otype="Relation" vid_source="B06072D3-383E-940D-6A07-755F4490656F" vid_target="9410E5D5-4048-C920-BF4D-939F9B30C28F">
<hideElementsInCurrentOnly>false</hideElementsInCurrentOnly>
<lineWidth>1</lineWidth>
<points>
<point x="675" y="214"/>
<point x="290" y="214"/>
</points>
</Connector>
<Connector class="oracle.dbtools.crest.swingui.logical.TVRelation" oid="7172D4E8-9B85-AB79-93FB-B182AEBA7047" otype="Relation" vid_source="421B5E50-118C-F807-9E23-F6345F004056" vid_target="69555168-1E05-2698-7E37-A3CE81FEDE3C">
<hideElementsInCurrentOnly>false</hideElementsInCurrentOnly>
<lineWidth>1</lineWidth>
<points>
<point x="571" y="451"/>
<point x="571" y="514"/>
</points>
</Connector>
<Connector class="oracle.dbtools.crest.swingui.logical.TVRelation" oid="80C9CD37-63FF-0F78-7587-5E83FBC8BF58" otype="Relation" vid_source="4D07D790-0265-D665-AA35-8E53FDB26E8F" vid_target="1180FD14-7735-64FC-B383-04987C8F7D4F">
<hideElementsInCurrentOnly>false</hideElementsInCurrentOnly>
<lineWidth>1</lineWidth>
<points>
<point x="78" y="142"/>
<point x="265" y="310"/>
</points>
</Connector>
<Connector class="oracle.dbtools.crest.swingui.logical.TVRelation" oid="86F7E558-192B-BD0F-D2E3-E94636FD2492" otype="Relation" vid_source="421B5E50-118C-F807-9E23-F6345F004056" vid_target="C152DF98-D1B3-4C32-523F-1AFD602F4B04">
<hideElementsInCurrentOnly>false</hideElementsInCurrentOnly>
<lineWidth>1</lineWidth>
<points>
<point x="604" y="377"/>
<point x="754" y="377"/>
</points>
</Connector>
<Connector class="oracle.dbtools.crest.swingui.logical.TVRelation" oid="991DA741-D47F-756E-2398-059E74F7CAA4" otype="Relation" vid_source="4D07D790-0265-D665-AA35-8E53FDB26E8F" vid_target="66B86292-9193-246E-4D38-B545E50D8173">
<hideElementsInCurrentOnly>false</hideElementsInCurrentOnly>
<lineWidth>1</lineWidth>
<points>
<point x="78" y="142"/>
<point x="78" y="337"/>
</points>
</Connector>
<Connector class="oracle.dbtools.crest.swingui.logical.TVRelation" oid="B2735955-4D69-218C-96D1-7777409CF9EE" otype="Relation" vid_source="6F11AAF3-1B75-473E-FFD9-531937463E31" vid_target="B06072D3-383E-940D-6A07-755F4490656F">
<hideElementsInCurrentOnly>false</hideElementsInCurrentOnly>
<lineWidth>1</lineWidth>
<points>
<point x="553" y="162"/>
<point x="675" y="162"/>
</points>
</Connector>
<Connector class="oracle.dbtools.crest.swingui.logical.TVRelation" oid="C9A2F362-82F4-138C-8B9D-6BDCFD17EA52" otype="Relation" vid_source="244C52F0-0C93-CE15-7363-78207C32B0D0" vid_target="C152DF98-D1B3-4C32-523F-1AFD602F4B04">
<hideElementsInCurrentOnly>false</hideElementsInCurrentOnly>
<lineWidth>1</lineWidth>
<points>
<point x="832" y="111"/>
<point x="832" y="313"/>
</points>
</Connector>
<Connector class="oracle.dbtools.crest.swingui.logical.TVRelation" oid="CACAADF9-CE15-4F9D-552B-26D45BA9EC53" otype="Relation" vid_source="B06072D3-383E-940D-6A07-755F4490656F" vid_target="C152DF98-D1B3-4C32-523F-1AFD602F4B04">
<hideElementsInCurrentOnly>false</hideElementsInCurrentOnly>
<lineWidth>1</lineWidth>
<points>
<point x="778" y="238"/>
<point x="778" y="313"/>
</points>
</Connector>
<Connector class="oracle.dbtools.crest.swingui.logical.TVRelation" oid="D307C198-2841-74FB-6DB2-345D8CE71330" otype="Relation" vid_source="6F11AAF3-1B75-473E-FFD9-531937463E31" vid_target="4D07D790-0265-D665-AA35-8E53FDB26E8F">
<hideElementsInCurrentOnly>false</hideElementsInCurrentOnly>
<lineWidth>1</lineWidth>
<points>
<point x="423" y="124"/>
<point x="140" y="124"/>
</points>
</Connector>
<Connector class="oracle.dbtools.crest.swingui.logical.TVRelation" oid="D71754F8-C931-5223-2189-73EF972DDC99" otype="Relation" vid_source="1180FD14-7735-64FC-B383-04987C8F7D4F" vid_target="C2ACA040-0F9C-A5E8-189F-40D1EF1FF0E6">
<hideElementsInCurrentOnly>false</hideElementsInCurrentOnly>
<lineWidth>1</lineWidth>
<points>
<point x="210" y="310"/>
<point x="210" y="200"/>
</points>
</Connector>
<Connector class="oracle.dbtools.crest.swingui.logical.TVRelation" oid="E8D543E3-6FE4-C4E6-696D-5FF60FF4ED03" otype="Relation" vid_source="244C52F0-0C93-CE15-7363-78207C32B0D0" vid_target="C2ACA040-0F9C-A5E8-189F-40D1EF1FF0E6">
<hideElementsInCurrentOnly>false</hideElementsInCurrentOnly>
<lineWidth>1</lineWidth>
<points>
<point x="767" y="100"/>
<point x="240" y="100"/>
</points>
</Connector>
<Connector class="oracle.dbtools.crest.swingui.logical.TVRelation" oid="F5E64A3B-DB1E-1E9F-11B1-405FEB473AE3" otype="Relation" vid_source="C2ACA040-0F9C-A5E8-189F-40D1EF1FF0E6" vid_target="421B5E50-118C-F807-9E23-F6345F004056">
<hideElementsInCurrentOnly>false</hideElementsInCurrentOnly>
<lineWidth>1</lineWidth>
<points>
<point x="155" y="200"/>
<point x="519" y="339"/>
</points>
</Connector>
<Connector class="oracle.dbtools.crest.swingui.logical.TVRelation" oid="FE1650D8-AC97-7A12-F813-08E4CF958AE7" otype="Relation" vid_source="230A7D1F-6272-DFBF-DDC4-5D71EEFBA882" vid_target="C2ACA040-0F9C-A5E8-189F-40D1EF1FF0E6">
<hideElementsInCurrentOnly>false</hideElementsInCurrentOnly>
<lineWidth>1</lineWidth>
<points>
<point x="413" y="515"/>
<point x="155" y="200"/>
</points>
</Connector>
</connectors>
</Display>
</displays>
</Diagram>