<?xml version = '1.0' encoding = 'UTF-8'?>
<relationalModel class="oracle.dbtools.crest.model.design.relational.RelationalDesign" name="Relational_1" id="CA0DAE52-D9B5-B7DC-4FC4-9092F431CD17" mainViewID="D489EBD5-6C9D-F4FE-3744-0111AAAFA6A0">
<createdBy>sidneibarbieri</createdBy>
<createdTime>2017-04-23 13:21:38 UTC</createdTime>
<ownerDesignName>HospitalER</ownerDesignName>
<shouldBeOpen>false</shouldBeOpen>
<selectedRDBMSSite>32076570-2523-435C-2E92-BF29817DFF70</selectedRDBMSSite>
</relationalModel>