<?xml version = '1.0' encoding = 'UTF-8'?>
<Entity class="oracle.dbtools.crest.model.design.logical.Entity" directorySegmentName="seg_0" id="2D7A6ACE-7AC0-7D9E-BA88-36F9B417E4C9" name="REGISTROS">
<createdBy>sidneibarbieri</createdBy>
<createdTime>2017-04-22 23:45:05 UTC</createdTime>
<ownerDesignName>HospitalER</ownerDesignName>
<engineerTo>
<item key="CA0DAE52-D9B5-B7DC-4FC4-9092F431CD17" value="true"/>
</engineerTo>
<adequatelyNormalized>NO</adequatelyNormalized>
<expectedVolumes>0</expectedVolumes>
<fwdEngineeringStrategyName>Single Table</fwdEngineeringStrategyName>
<growthPercent>0</growthPercent>
<growthType>Year</growthType>
<maxVolumes>9999999</maxVolumes>
<minVolumes>0</minVolumes>
<normalForm>Third</normalForm>
<shortName>reg_</shortName>
<attributes itemClass="oracle.dbtools.crest.model.design.logical.Attribute">
<Attribute name="reg id" id="341315C9-4F2F-7EA8-C301-C10FA75230B9">
<createdBy>sidneibarbieri</createdBy>
<createdTime>2017-04-23 04:38:40 UTC</createdTime>
<ownerDesignName>HospitalER</ownerDesignName>
<engineerTo>
<item key="CA0DAE52-D9B5-B7DC-4FC4-9092F431CD17" value="true"/>
</engineerTo>
<useDomainConstraints>false</useDomainConstraints>
<use>1</use>
<logicalDatatype>LOGDT019</logicalDatatype>
<ownDataTypeParameters>,,</ownDataTypeParameters>
</Attribute>
<Attribute name="reg data" id="E0FCBA15-40EE-B600-0CBA-92120F5F7705">
<createdBy>sidneibarbieri</createdBy>
<createdTime>2017-04-22 23:45:22 UTC</createdTime>
<ownerDesignName>HospitalER</ownerDesignName>
<engineerTo>
<item key="CA0DAE52-D9B5-B7DC-4FC4-9092F431CD17" value="true"/>
</engineerTo>
<useDomainConstraints>false</useDomainConstraints>
<use>1</use>
<logicalDatatype>LOGDT008</logicalDatatype>
<ownDataTypeParameters>,,</ownDataTypeParameters>
</Attribute>
<Attribute name="reg temperatura" id="63F19046-9F8C-C658-9BCD-24AE2BA35BFA">
<createdBy>sidneibarbieri</createdBy>
<createdTime>2017-04-22 23:47:11 UTC</createdTime>
<ownerDesignName>HospitalER</ownerDesignName>
<engineerTo>
<item key="CA0DAE52-D9B5-B7DC-4FC4-9092F431CD17" value="true"/>
</engineerTo>
<nullsAllowed>true</nullsAllowed>
<useDomainConstraints>false</useDomainConstraints>
<use>1</use>
<logicalDatatype>LOGDT011</logicalDatatype>
<ownDataTypeParameters>,,</ownDataTypeParameters>
</Attribute>
<Attribute name="reg frequenciarespiratoria" id="CC4FAA7F-F8E4-9EF0-719C-A16B3803F039">
<createdBy>sidneibarbieri</createdBy>
<createdTime>2017-04-22 23:48:31 UTC</createdTime>
<ownerDesignName>HospitalER</ownerDesignName>
<engineerTo>
<item key="CA0DAE52-D9B5-B7DC-4FC4-9092F431CD17" value="true"/>
</engineerTo>
<nullsAllowed>true</nullsAllowed>
<useDomainConstraints>false</useDomainConstraints>
<use>1</use>
<logicalDatatype>LOGDT011</logicalDatatype>
<ownDataTypeParameters>,,</ownDataTypeParameters>
</Attribute>
<Attribute name="reg pressaoarterialsistolica" id="DC7228F5-0A6E-B53C-7E28-E064BE54EA35">
<createdBy>sidneibarbieri</createdBy>
<createdTime>2017-04-22 23:48:49 UTC</createdTime>
<ownerDesignName>HospitalER</ownerDesignName>
<engineerTo>
<item key="CA0DAE52-D9B5-B7DC-4FC4-9092F431CD17" value="true"/>
</engineerTo>
<nullsAllowed>true</nullsAllowed>
<useDomainConstraints>false</useDomainConstraints>
<use>1</use>
<logicalDatatype>LOGDT011</logicalDatatype>
<ownDataTypeParameters>,,</ownDataTypeParameters>
</Attribute>
<Attribute name="reg pressaoarterialdiastolica" id="8CB65015-894B-F369-6DE9-0C311390CAB8">
<createdBy>sidneibarbieri</createdBy>
<createdTime>2017-04-23 02:50:21 UTC</createdTime>
<ownerDesignName>HospitalER</ownerDesignName>
<engineerTo>
<item key="CA0DAE52-D9B5-B7DC-4FC4-9092F431CD17" value="true"/>
</engineerTo>
<nullsAllowed>true</nullsAllowed>
<useDomainConstraints>false</useDomainConstraints>
<use>1</use>
<logicalDatatype>LOGDT011</logicalDatatype>
<ownDataTypeParameters>,,</ownDataTypeParameters>
</Attribute>
<Attribute name="reg saturacao" id="708C3679-3AB7-BA69-A2ED-000CCF888476">
<createdBy>sidneibarbieri</createdBy>
<createdTime>2017-04-22 23:49:02 UTC</createdTime>
<ownerDesignName>HospitalER</ownerDesignName>
<engineerTo>
<item key="CA0DAE52-D9B5-B7DC-4FC4-9092F431CD17" value="true"/>
</engineerTo>
<nullsAllowed>true</nullsAllowed>
<useDomainConstraints>false</useDomainConstraints>
<use>1</use>
<logicalDatatype>LOGDT011</logicalDatatype>
<ownDataTypeParameters>,,</ownDataTypeParameters>
</Attribute>
<Attribute name="reg batimentosfetais" id="D788B239-1666-347C-F9FE-56E672B64FF5">
<createdBy>sidneibarbieri</createdBy>
<createdTime>2017-04-22 23:49:17 UTC</createdTime>
<ownerDesignName>HospitalER</ownerDesignName>
<engineerTo>
<item key="CA0DAE52-D9B5-B7DC-4FC4-9092F431CD17" value="true"/>
</engineerTo>
<nullsAllowed>true</nullsAllowed>
<useDomainConstraints>false</useDomainConstraints>
<use>1</use>
<logicalDatatype>LOGDT011</logicalDatatype>
<ownDataTypeParameters>,,</ownDataTypeParameters>
</Attribute>
<Attribute name="reg observacoes" id="65D202BA-BD05-5F1E-0D57-E5FB64CFD06A">
<createdBy>sidneibarbieri</createdBy>
<createdTime>2017-04-22 23:49:58 UTC</createdTime>
<ownerDesignName>HospitalER</ownerDesignName>
<engineerTo>
<item key="CA0DAE52-D9B5-B7DC-4FC4-9092F431CD17" value="true"/>
</engineerTo>
<nullsAllowed>true</nullsAllowed>
<useDomainConstraints>false</useDomainConstraints>
<use>1</use>
<logicalDatatype>LOGDT024</logicalDatatype>
<dataTypeSize>255 CHAR</dataTypeSize>
<ownDataTypeParameters>255 CHAR,,</ownDataTypeParameters>
</Attribute>
<Attribute name="INTERNACAO int id" id="9ADEAC85-C386-0410-319F-00BE86C9D104">
<createdBy>sidneibarbieri</createdBy>
<createdTime>2017-04-23 03:59:31 UTC</createdTime>
<generatorID>7172D4E8-9B85-AB79-93FB-B182AEBA7047</generatorID>
<ownerDesignName>HospitalER</ownerDesignName>
<engineerTo>
<item key="CA0DAE52-D9B5-B7DC-4FC4-9092F431CD17" value="true"/>
</engineerTo>
<nullsAllowed>true</nullsAllowed>
<referedAttribute>E78E38E5-4F1E-81C8-1107-4C3540957799</referedAttribute>
<useDomainConstraints>false</useDomainConstraints>
<use>1</use>
<logicalDatatype>LOGDT019</logicalDatatype>
<ownDataTypeParameters>,,</ownDataTypeParameters>
</Attribute>
</attributes>
<identifiers itemClass="oracle.dbtools.crest.model.design.logical.CandidateKey">
<identifier id="4DF01CA5-4C61-E769-8634-A15C8D4551A5" name="REGISTROS PK">
<createdBy>sidneibarbieri</createdBy>
<createdTime>2017-04-22 23:46:58 UTC</createdTime>
<ownerDesignName>HospitalER</ownerDesignName>
<shouldEngineer>false</shouldEngineer>
<engineerTo>
<item key="CA0DAE52-D9B5-B7DC-4FC4-9092F431CD17" value="false"/>
</engineerTo>
<pk>true</pk>
<usedAttributes>
<attributeRef>341315C9-4F2F-7EA8-C301-C10FA75230B9</attributeRef>
</usedAttributes>
</identifier>
</identifiers>
</Entity>