<?xml version = '1.0' encoding = 'UTF-8'?>
<Entity class="oracle.dbtools.crest.model.design.logical.Entity" directorySegmentName="seg_0" id="83931E82-FEDB-30E5-75D8-DB215038D0E1" name="INTERNACAO">
<createdBy>sidneibarbieri</createdBy>
<createdTime>2017-04-23 00:48:49 UTC</createdTime>
<ownerDesignName>HospitalER</ownerDesignName>
<engineerTo>
<item key="CA0DAE52-D9B5-B7DC-4FC4-9092F431CD17" value="true"/>
</engineerTo>
<adequatelyNormalized>NO</adequatelyNormalized>
<expectedVolumes>0</expectedVolumes>
<fwdEngineeringStrategyName>Single Table</fwdEngineeringStrategyName>
<growthPercent>0</growthPercent>
<growthType>Year</growthType>
<maxVolumes>9999999</maxVolumes>
<minVolumes>0</minVolumes>
<normalForm>Third</normalForm>
<shortName>int_</shortName>
<attributes itemClass="oracle.dbtools.crest.model.design.logical.Attribute">
<Attribute name="int id" id="E78E38E5-4F1E-81C8-1107-4C3540957799">
<createdBy>sidneibarbieri</createdBy>
<createdTime>2017-04-23 03:59:11 UTC</createdTime>
<ownerDesignName>HospitalER</ownerDesignName>
<engineerTo>
<item key="CA0DAE52-D9B5-B7DC-4FC4-9092F431CD17" value="true"/>
</engineerTo>
<useDomainConstraints>false</useDomainConstraints>
<use>1</use>
<logicalDatatype>LOGDT019</logicalDatatype>
<ownDataTypeParameters>,,</ownDataTypeParameters>
</Attribute>
<Attribute name="int dataini" id="EA1EAA05-B367-D7B9-0D1F-A4BE3B990F96">
<createdBy>sidneibarbieri</createdBy>
<createdTime>2017-04-23 00:49:04 UTC</createdTime>
<ownerDesignName>HospitalER</ownerDesignName>
<engineerTo>
<item key="CA0DAE52-D9B5-B7DC-4FC4-9092F431CD17" value="true"/>
</engineerTo>
<useDomainConstraints>false</useDomainConstraints>
<use>1</use>
<logicalDatatype>LOGDT008</logicalDatatype>
<ownDataTypeParameters>,,</ownDataTypeParameters>
</Attribute>
<Attribute name="int datafim" id="F9F7E4D1-88FD-AEA9-67DA-E4CA67D1A908">
<createdBy>sidneibarbieri</createdBy>
<createdTime>2017-04-23 00:49:15 UTC</createdTime>
<ownerDesignName>HospitalER</ownerDesignName>
<engineerTo>
<item key="CA0DAE52-D9B5-B7DC-4FC4-9092F431CD17" value="true"/>
</engineerTo>
<nullsAllowed>true</nullsAllowed>
<useDomainConstraints>false</useDomainConstraints>
<use>1</use>
<logicalDatatype>LOGDT008</logicalDatatype>
<ownDataTypeParameters>,,</ownDataTypeParameters>
</Attribute>
<Attribute name="CLIENTE cli prontuario" id="A9A7797B-430B-2A8E-C3D1-6B32C2976EB7">
<createdBy>sidneibarbieri</createdBy>
<createdTime>2017-04-23 02:31:53 UTC</createdTime>
<generatorID>181295F0-3B3F-2C30-D69D-AB127C4EAE42</generatorID>
<ownerDesignName>HospitalER</ownerDesignName>
<engineerTo>
<item key="CA0DAE52-D9B5-B7DC-4FC4-9092F431CD17" value="true"/>
</engineerTo>
<nullsAllowed>true</nullsAllowed>
<referedAttribute>A7AD3B9D-C825-E1E3-A934-39A254626489</referedAttribute>
<useDomainConstraints>false</useDomainConstraints>
<use>1</use>
<logicalDatatype>LOGDT019</logicalDatatype>
<ownDataTypeParameters>,,</ownDataTypeParameters>
</Attribute>
<Attribute name="set id" id="C437E725-683A-34F6-8931-D505749868B9">
<createdBy>sidneibarbieri</createdBy>
<createdTime>2017-04-23 03:16:27 UTC</createdTime>
<generatorID>F5E64A3B-DB1E-1E9F-11B1-405FEB473AE3</generatorID>
<ownerDesignName>HospitalER</ownerDesignName>
<engineerTo>
<item key="CA0DAE52-D9B5-B7DC-4FC4-9092F431CD17" value="true"/>
</engineerTo>
<nullsAllowed>true</nullsAllowed>
<referedAttribute>145386A0-73CD-F64E-0333-DFECF1DD662F</referedAttribute>
<useDomainConstraints>false</useDomainConstraints>
<use>1</use>
<logicalDatatype>LOGDT019</logicalDatatype>
<ownDataTypeParameters>,,</ownDataTypeParameters>
</Attribute>
</attributes>
<identifiers itemClass="oracle.dbtools.crest.model.design.logical.CandidateKey">
<identifier id="2B01B963-E2C0-CACE-D60D-9495F419B543" name="INTERNACAO PK">
<createdBy>sidneibarbieri</createdBy>
<createdTime>2017-04-23 03:59:06 UTC</createdTime>
<ownerDesignName>HospitalER</ownerDesignName>
<shouldEngineer>false</shouldEngineer>
<engineerTo>
<item key="CA0DAE52-D9B5-B7DC-4FC4-9092F431CD17" value="false"/>
</engineerTo>
<pk>true</pk>
<usedAttributes>
<attributeRef>E78E38E5-4F1E-81C8-1107-4C3540957799</attributeRef>
</usedAttributes>
</identifier>
</identifiers>
</Entity>