<?xml version = '1.0' encoding = 'UTF-8'?>
<Entity class="oracle.dbtools.crest.model.design.logical.Entity" directorySegmentName="seg_0" id="844499A8-B528-1396-0307-AAE6002A8383" name="SETOR">
<createdBy>sidneibarbieri</createdBy>
<createdTime>2017-04-23 03:13:20 UTC</createdTime>
<ownerDesignName>HospitalER</ownerDesignName>
<engineerTo>
<item key="CA0DAE52-D9B5-B7DC-4FC4-9092F431CD17" value="true"/>
</engineerTo>
<adequatelyNormalized>NO</adequatelyNormalized>
<expectedVolumes>0</expectedVolumes>
<fwdEngineeringStrategyName>Single Table</fwdEngineeringStrategyName>
<growthPercent>0</growthPercent>
<growthType>Year</growthType>
<maxVolumes>9999999</maxVolumes>
<minVolumes>0</minVolumes>
<normalForm>Third</normalForm>
<shortName>set_</shortName>
<attributes itemClass="oracle.dbtools.crest.model.design.logical.Attribute">
<Attribute name="set id" id="145386A0-73CD-F64E-0333-DFECF1DD662F">
<createdBy>sidneibarbieri</createdBy>
<createdTime>2017-04-23 03:13:20 UTC</createdTime>
<ownerDesignName>HospitalER</ownerDesignName>
<engineerTo>
<item key="CA0DAE52-D9B5-B7DC-4FC4-9092F431CD17" value="true"/>
</engineerTo>
<useDomainConstraints>false</useDomainConstraints>
<use>1</use>
<logicalDatatype>LOGDT019</logicalDatatype>
<ownDataTypeParameters>,,</ownDataTypeParameters>
</Attribute>
<Attribute name="set nome" id="54306553-0B3A-65C0-BA08-B6DD655E2C17">
<createdBy>sidneibarbieri</createdBy>
<createdTime>2017-04-23 03:13:20 UTC</createdTime>
<ownerDesignName>HospitalER</ownerDesignName>
<engineerTo>
<item key="CA0DAE52-D9B5-B7DC-4FC4-9092F431CD17" value="true"/>
</engineerTo>
<nullsAllowed>true</nullsAllowed>
<useDomainConstraints>false</useDomainConstraints>
<use>1</use>
<logicalDatatype>LOGDT024</logicalDatatype>
<dataTypeSize>60 CHAR</dataTypeSize>
<ownDataTypeParameters>60 CHAR,,</ownDataTypeParameters>
</Attribute>
<Attribute name="set nroleitos" id="E4598261-3F6F-429C-55BE-F00D5454436A">
<createdBy>sidneibarbieri</createdBy>
<createdTime>2017-04-23 03:13:20 UTC</createdTime>
<ownerDesignName>HospitalER</ownerDesignName>
<engineerTo>
<item key="CA0DAE52-D9B5-B7DC-4FC4-9092F431CD17" value="true"/>
</engineerTo>
<nullsAllowed>true</nullsAllowed>
<useDomainConstraints>false</useDomainConstraints>
<use>1</use>
<logicalDatatype>LOGDT011</logicalDatatype>
<ownDataTypeParameters>,,</ownDataTypeParameters>
</Attribute>
<Attribute name="ORGANIZACAO DE SAUDE ods id" id="BF930E0E-D5FA-0A6E-3D13-B0F43312147C">
<createdBy>sidneibarbieri</createdBy>
<createdTime>2017-04-23 03:22:52 UTC</createdTime>
<generatorID>FE1650D8-AC97-7A12-F813-08E4CF958AE7</generatorID>
<ownerDesignName>HospitalER</ownerDesignName>
<engineerTo>
<item key="CA0DAE52-D9B5-B7DC-4FC4-9092F431CD17" value="true"/>
</engineerTo>
<nullsAllowed>true</nullsAllowed>
<referedAttribute>5DCF0EB2-1FAB-3335-C648-201ACD454493</referedAttribute>
<useDomainConstraints>false</useDomainConstraints>
<use>1</use>
<logicalDatatype>LOGDT019</logicalDatatype>
<ownDataTypeParameters>,,</ownDataTypeParameters>
</Attribute>
<Attribute name="tde coren" id="076D0380-042E-B9E4-820D-E3399961E6BC">
<createdBy>sidneibarbieri</createdBy>
<createdTime>2017-04-23 13:24:37 UTC</createdTime>
<generatorID>D71754F8-C931-5223-2189-73EF972DDC99</generatorID>
<ownerDesignName>HospitalER</ownerDesignName>
<engineerTo>
<item key="CA0DAE52-D9B5-B7DC-4FC4-9092F431CD17" value="true"/>
</engineerTo>
<referedAttribute>ACE6ED28-8831-3FED-50AB-7CE213628178</referedAttribute>
<useDomainConstraints>false</useDomainConstraints>
<use>1</use>
<logicalDatatype>LOGDT024</logicalDatatype>
<dataTypeSize>10 CHAR</dataTypeSize>
<ownDataTypeParameters>,,</ownDataTypeParameters>
</Attribute>
<Attribute name="enf coren" id="56636055-675B-E48F-63AE-04C04ED6EA64">
<createdBy>sidneibarbieri</createdBy>
<createdTime>2017-04-23 13:24:37 UTC</createdTime>
<generatorID>E8D543E3-6FE4-C4E6-696D-5FF60FF4ED03</generatorID>
<ownerDesignName>HospitalER</ownerDesignName>
<engineerTo>
<item key="CA0DAE52-D9B5-B7DC-4FC4-9092F431CD17" value="true"/>
</engineerTo>
<referedAttribute>C9C84AC9-E7F7-2977-16FB-74AC0A295922</referedAttribute>
<useDomainConstraints>false</useDomainConstraints>
<use>1</use>
<logicalDatatype>LOGDT024</logicalDatatype>
<dataTypeSize>10 CHAR</dataTypeSize>
<ownDataTypeParameters>,,</ownDataTypeParameters>
</Attribute>
</attributes>
<identifiers itemClass="oracle.dbtools.crest.model.design.logical.CandidateKey">
<identifier id="3AAF5EA9-B68D-5EC7-824C-765224C66EFC" name="SETOR_PK">
<createdBy>sidneibarbieri</createdBy>
<createdTime>2017-04-23 03:13:20 UTC</createdTime>
<ownerDesignName>HospitalER</ownerDesignName>
<shouldEngineer>false</shouldEngineer>
<engineerTo>
<item key="CA0DAE52-D9B5-B7DC-4FC4-9092F431CD17" value="false"/>
</engineerTo>
<pk>true</pk>
<usedAttributes>
<attributeRef>145386A0-73CD-F64E-0333-DFECF1DD662F</attributeRef>
</usedAttributes>
</identifier>
</identifiers>
</Entity>