<?xml version = '1.0' encoding = 'UTF-8'?>
<Entity class="oracle.dbtools.crest.model.design.logical.Entity" directorySegmentName="seg_0" id="8C90B241-E9CD-E4BB-DB41-6D130A14D7FE" name="DROGA">
<createdBy>sidneibarbieri</createdBy>
<createdTime>2017-04-23 03:26:04 UTC</createdTime>
<ownerDesignName>HospitalER</ownerDesignName>
<engineerTo>
<item key="CA0DAE52-D9B5-B7DC-4FC4-9092F431CD17" value="true"/>
</engineerTo>
<adequatelyNormalized>NO</adequatelyNormalized>
<expectedVolumes>0</expectedVolumes>
<fwdEngineeringStrategyName>Single Table</fwdEngineeringStrategyName>
<growthPercent>0</growthPercent>
<growthType>Year</growthType>
<maxVolumes>9999999</maxVolumes>
<minVolumes>0</minVolumes>
<normalForm>Third</normalForm>
<shortName>dro_</shortName>
<attributes itemClass="oracle.dbtools.crest.model.design.logical.Attribute">
<Attribute name="dro id" id="3ED811F7-0C12-9DFC-BF9B-999057DAE02B">
<createdBy>sidneibarbieri</createdBy>
<createdTime>2017-04-23 03:27:38 UTC</createdTime>
<ownerDesignName>HospitalER</ownerDesignName>
<engineerTo>
<item key="CA0DAE52-D9B5-B7DC-4FC4-9092F431CD17" value="true"/>
</engineerTo>
<useDomainConstraints>false</useDomainConstraints>
<use>1</use>
<logicalDatatype>LOGDT019</logicalDatatype>
<ownDataTypeParameters>,,</ownDataTypeParameters>
</Attribute>
<Attribute name="dro nome" id="34AF9DC5-138E-EEAF-A9A9-6C9ACA82BCDD">
<createdBy>sidneibarbieri</createdBy>
<createdTime>2017-04-23 03:27:53 UTC</createdTime>
<ownerDesignName>HospitalER</ownerDesignName>
<engineerTo>
<item key="CA0DAE52-D9B5-B7DC-4FC4-9092F431CD17" value="true"/>
</engineerTo>
<nullsAllowed>true</nullsAllowed>
<useDomainConstraints>false</useDomainConstraints>
<use>1</use>
<logicalDatatype>LOGDT024</logicalDatatype>
<dataTypeSize>60 CHAR</dataTypeSize>
<ownDataTypeParameters>60 CHAR,,</ownDataTypeParameters>
</Attribute>
<Attribute name="dro apresentacao" id="4617D473-3140-5CE6-DE71-AF23D2B07C3C">
<createdBy>sidneibarbieri</createdBy>
<createdTime>2017-04-23 03:29:00 UTC</createdTime>
<ownerDesignName>HospitalER</ownerDesignName>
<engineerTo>
<item key="CA0DAE52-D9B5-B7DC-4FC4-9092F431CD17" value="true"/>
</engineerTo>
<nullsAllowed>true</nullsAllowed>
<useDomainConstraints>false</useDomainConstraints>
<use>1</use>
<logicalDatatype>LOGDT024</logicalDatatype>
<dataTypeSize>40 CHAR</dataTypeSize>
<ownDataTypeParameters>40 CHAR,,</ownDataTypeParameters>
</Attribute>
<Attribute name="dro quantidade" id="0B27DCA9-F44A-FB8A-40A9-9972D829630A">
<createdBy>sidneibarbieri</createdBy>
<createdTime>2017-04-23 03:28:42 UTC</createdTime>
<ownerDesignName>HospitalER</ownerDesignName>
<engineerTo>
<item key="CA0DAE52-D9B5-B7DC-4FC4-9092F431CD17" value="true"/>
</engineerTo>
<nullsAllowed>true</nullsAllowed>
<useDomainConstraints>false</useDomainConstraints>
<use>1</use>
<logicalDatatype>LOGDT011</logicalDatatype>
<ownDataTypeParameters>,,</ownDataTypeParameters>
</Attribute>
</attributes>
<identifiers itemClass="oracle.dbtools.crest.model.design.logical.CandidateKey">
<identifier id="4010A825-10F8-9E2A-AF4C-AFEC2728AB3B" name="DROGA PK">
<createdBy>sidneibarbieri</createdBy>
<createdTime>2017-04-23 03:43:48 UTC</createdTime>
<ownerDesignName>HospitalER</ownerDesignName>
<shouldEngineer>false</shouldEngineer>
<engineerTo>
<item key="CA0DAE52-D9B5-B7DC-4FC4-9092F431CD17" value="false"/>
</engineerTo>
<pk>true</pk>
<usedAttributes>
<attributeRef>3ED811F7-0C12-9DFC-BF9B-999057DAE02B</attributeRef>
</usedAttributes>
</identifier>
</identifiers>
</Entity>