<?xml version = '1.0' encoding = 'UTF-8'?>
<Entity class="oracle.dbtools.crest.model.design.logical.Entity" directorySegmentName="seg_0" id="C790AA83-3DFE-302F-A9E6-F0FB20C97EF2" name="CLIENTE">
<createdBy>sidneibarbieri</createdBy>
<createdTime>2017-04-23 00:24:59 UTC</createdTime>
<ownerDesignName>HospitalER</ownerDesignName>
<engineerTo>
<item key="CA0DAE52-D9B5-B7DC-4FC4-9092F431CD17" value="true"/>
</engineerTo>
<adequatelyNormalized>NO</adequatelyNormalized>
<expectedVolumes>0</expectedVolumes>
<fwdEngineeringStrategyName>Single Table</fwdEngineeringStrategyName>
<growthPercent>0</growthPercent>
<growthType>Year</growthType>
<maxVolumes>9999999</maxVolumes>
<minVolumes>0</minVolumes>
<normalForm>Third</normalForm>
<shortName>cli_</shortName>
<attributes itemClass="oracle.dbtools.crest.model.design.logical.Attribute">
<Attribute name="cli prontuario" id="A7AD3B9D-C825-E1E3-A934-39A254626489">
<createdBy>sidneibarbieri</createdBy>
<createdTime>2017-04-23 00:25:13 UTC</createdTime>
<ownerDesignName>HospitalER</ownerDesignName>
<engineerTo>
<item key="CA0DAE52-D9B5-B7DC-4FC4-9092F431CD17" value="true"/>
</engineerTo>
<useDomainConstraints>false</useDomainConstraints>
<use>1</use>
<logicalDatatype>LOGDT019</logicalDatatype>
<ownDataTypeParameters>,,</ownDataTypeParameters>
</Attribute>
<Attribute name="cpf" id="913AA9FA-030A-D39E-5C28-13277DDE2E4D">
<createdBy>sidneibarbieri</createdBy>
<createdTime>2017-04-23 04:48:25 UTC</createdTime>
<generatorID>991DA741-D47F-756E-2398-059E74F7CAA4</generatorID>
<ownerDesignName>HospitalER</ownerDesignName>
<engineerTo>
<item key="CA0DAE52-D9B5-B7DC-4FC4-9092F431CD17" value="true"/>
</engineerTo>
<nullsAllowed>true</nullsAllowed>
<referedAttribute>B81565B6-0D1C-1246-F0CF-9216BB3870F0</referedAttribute>
<useDomainConstraints>false</useDomainConstraints>
<use>1</use>
<logicalDatatype>LOGDT024</logicalDatatype>
<dataTypeSize>11 CHAR</dataTypeSize>
<ownDataTypeParameters>,,</ownDataTypeParameters>
</Attribute>
</attributes>
<identifiers itemClass="oracle.dbtools.crest.model.design.logical.CandidateKey">
<identifier id="E3D070CB-AD90-CDAE-A85E-3F130E3C5250" name="CLIENTE PK">
<createdBy>sidneibarbieri</createdBy>
<createdTime>2017-04-23 02:04:12 UTC</createdTime>
<ownerDesignName>HospitalER</ownerDesignName>
<shouldEngineer>false</shouldEngineer>
<engineerTo>
<item key="CA0DAE52-D9B5-B7DC-4FC4-9092F431CD17" value="false"/>
</engineerTo>
<pk>true</pk>
<usedAttributes>
<attributeRef>A7AD3B9D-C825-E1E3-A934-39A254626489</attributeRef>
</usedAttributes>
</identifier>
</identifiers>
</Entity>