<?xml version = '1.0' encoding = 'UTF-8'?>
<Entity class="oracle.dbtools.crest.model.design.logical.Entity" directorySegmentName="seg_0" id="D73F1A12-A49F-DF90-BCDA-E53D0C8C08E3" name="MEDICO">
<createdBy>sidneibarbieri</createdBy>
<createdTime>2017-04-23 00:12:33 UTC</createdTime>
<ownerDesignName>HospitalER</ownerDesignName>
<engineerTo>
<item key="CA0DAE52-D9B5-B7DC-4FC4-9092F431CD17" value="true"/>
</engineerTo>
<adequatelyNormalized>NO</adequatelyNormalized>
<expectedVolumes>0</expectedVolumes>
<fwdEngineeringStrategyName>Single Table</fwdEngineeringStrategyName>
<growthPercent>0</growthPercent>
<growthType>Year</growthType>
<maxVolumes>9999999</maxVolumes>
<minVolumes>0</minVolumes>
<normalForm>Third</normalForm>
<shortName>med_</shortName>
<attributes itemClass="oracle.dbtools.crest.model.design.logical.Attribute">
<Attribute name="med crm" id="42A0F25F-46AA-5A45-FE67-0DEF6468313B">
<createdBy>sidneibarbieri</createdBy>
<createdTime>2017-04-23 00:12:53 UTC</createdTime>
<ownerDesignName>HospitalER</ownerDesignName>
<engineerTo>
<item key="CA0DAE52-D9B5-B7DC-4FC4-9092F431CD17" value="true"/>
</engineerTo>
<useDomainConstraints>false</useDomainConstraints>
<use>1</use>
<logicalDatatype>LOGDT024</logicalDatatype>
<dataTypeSize>10 CHAR</dataTypeSize>
<ownDataTypeParameters>10 CHAR,,</ownDataTypeParameters>
</Attribute>
</attributes>
<identifiers itemClass="oracle.dbtools.crest.model.design.logical.CandidateKey">
<identifier id="6FAE7DB3-60FE-54CB-E1B7-E16E724513AF" name="MEDICO PK">
<createdBy>sidneibarbieri</createdBy>
<createdTime>2017-04-23 00:13:20 UTC</createdTime>
<ownerDesignName>HospitalER</ownerDesignName>
<shouldEngineer>false</shouldEngineer>
<engineerTo>
<item key="CA0DAE52-D9B5-B7DC-4FC4-9092F431CD17" value="false"/>
</engineerTo>
<pk>true</pk>
<usedAttributes>
<attributeRef>42A0F25F-46AA-5A45-FE67-0DEF6468313B</attributeRef>
</usedAttributes>
</identifier>
</identifiers>
</Entity>