<?xml version = '1.0' encoding = 'UTF-8'?>
<Entity class="oracle.dbtools.crest.model.design.logical.Entity" directorySegmentName="seg_0" id="E7B51EFD-406E-DF16-6F58-F29DF987D8E5" name="APRAZAMENTO DE MEDICAMENTO">
<createdBy>sidneibarbieri</createdBy>
<createdTime>2017-04-23 00:19:59 UTC</createdTime>
<ownerDesignName>HospitalER</ownerDesignName>
<engineerTo>
<item key="CA0DAE52-D9B5-B7DC-4FC4-9092F431CD17" value="true"/>
</engineerTo>
<adequatelyNormalized>NO</adequatelyNormalized>
<expectedVolumes>0</expectedVolumes>
<fwdEngineeringStrategyName>Single Table</fwdEngineeringStrategyName>
<growthPercent>0</growthPercent>
<growthType>Year</growthType>
<maxVolumes>9999999</maxVolumes>
<minVolumes>0</minVolumes>
<normalForm>Third</normalForm>
<shortName>adm_</shortName>
<attributes itemClass="oracle.dbtools.crest.model.design.logical.Attribute">
<Attribute name="adm id" id="82A3C525-529C-30F4-80E6-C2C724AF736C">
<createdBy>sidneibarbieri</createdBy>
<createdTime>2017-04-23 04:36:48 UTC</createdTime>
<ownerDesignName>HospitalER</ownerDesignName>
<engineerTo>
<item key="CA0DAE52-D9B5-B7DC-4FC4-9092F431CD17" value="true"/>
</engineerTo>
<useDomainConstraints>false</useDomainConstraints>
<use>1</use>
<logicalDatatype>LOGDT019</logicalDatatype>
<ownDataTypeParameters>,,</ownDataTypeParameters>
</Attribute>
<Attribute name="adm data" id="CF2553C9-FF14-C6CE-C2CF-1AB1B5FF13F0">
<createdBy>sidneibarbieri</createdBy>
<createdTime>2017-04-23 01:07:56 UTC</createdTime>
<ownerDesignName>HospitalER</ownerDesignName>
<engineerTo>
<item key="CA0DAE52-D9B5-B7DC-4FC4-9092F431CD17" value="true"/>
</engineerTo>
<useDomainConstraints>false</useDomainConstraints>
<use>1</use>
<logicalDatatype>LOGDT008</logicalDatatype>
<ownDataTypeParameters>,,</ownDataTypeParameters>
</Attribute>
<Attribute name="adm checagem" id="D0473FDA-D49E-C5E7-A6A6-A2178CDAA685">
<createdBy>sidneibarbieri</createdBy>
<createdTime>2017-04-23 00:20:47 UTC</createdTime>
<ownerDesignName>HospitalER</ownerDesignName>
<engineerTo>
<item key="CA0DAE52-D9B5-B7DC-4FC4-9092F431CD17" value="true"/>
</engineerTo>
<nullsAllowed>true</nullsAllowed>
<useDomainConstraints>false</useDomainConstraints>
<use>1</use>
<logicalDatatype>LOGDT006</logicalDatatype>
<dataTypeSize>1 CHAR</dataTypeSize>
<ownDataTypeParameters>1 CHAR,,</ownDataTypeParameters>
</Attribute>
<Attribute name="adm observacao" id="919CF0A5-6454-FEB2-3052-62CA7A63F41D">
<createdBy>sidneibarbieri</createdBy>
<createdTime>2017-04-23 01:09:30 UTC</createdTime>
<ownerDesignName>HospitalER</ownerDesignName>
<engineerTo>
<item key="CA0DAE52-D9B5-B7DC-4FC4-9092F431CD17" value="true"/>
</engineerTo>
<nullsAllowed>true</nullsAllowed>
<useDomainConstraints>false</useDomainConstraints>
<use>1</use>
<logicalDatatype>LOGDT024</logicalDatatype>
<dataTypeSize>255 CHAR</dataTypeSize>
<ownDataTypeParameters>255 CHAR,,</ownDataTypeParameters>
</Attribute>
<Attribute name="enf coren" id="952CD8D2-33FE-C68E-12B5-E0A39B45A89C">
<createdBy>sidneibarbieri</createdBy>
<createdTime>2017-04-23 02:40:56 UTC</createdTime>
<generatorID>C9A2F362-82F4-138C-8B9D-6BDCFD17EA52</generatorID>
<ownerDesignName>HospitalER</ownerDesignName>
<engineerTo>
<item key="CA0DAE52-D9B5-B7DC-4FC4-9092F431CD17" value="true"/>
</engineerTo>
<nullsAllowed>true</nullsAllowed>
<referedAttribute>C9C84AC9-E7F7-2977-16FB-74AC0A295922</referedAttribute>
<useDomainConstraints>false</useDomainConstraints>
<use>1</use>
<logicalDatatype>LOGDT024</logicalDatatype>
<dataTypeSize>10 CHAR</dataTypeSize>
<ownDataTypeParameters>,,</ownDataTypeParameters>
</Attribute>
<Attribute name="pdm id" id="CE363629-0A41-1E38-500E-17849CA5E0C2">
<createdBy>sidneibarbieri</createdBy>
<createdTime>2017-04-23 03:52:07 UTC</createdTime>
<generatorID>CACAADF9-CE15-4F9D-552B-26D45BA9EC53</generatorID>
<ownerDesignName>HospitalER</ownerDesignName>
<engineerTo>
<item key="CA0DAE52-D9B5-B7DC-4FC4-9092F431CD17" value="true"/>
</engineerTo>
<nullsAllowed>true</nullsAllowed>
<referedAttribute>FC4F3656-A36C-4735-1BC4-1E33FCACC224</referedAttribute>
<useDomainConstraints>false</useDomainConstraints>
<use>1</use>
<logicalDatatype>LOGDT019</logicalDatatype>
<ownDataTypeParameters>,,</ownDataTypeParameters>
</Attribute>
<Attribute name="int id" id="16717D56-3D6B-5929-F030-03EFB209F761">
<createdBy>sidneibarbieri</createdBy>
<createdTime>2017-04-23 03:59:31 UTC</createdTime>
<generatorID>86F7E558-192B-BD0F-D2E3-E94636FD2492</generatorID>
<ownerDesignName>HospitalER</ownerDesignName>
<engineerTo>
<item key="CA0DAE52-D9B5-B7DC-4FC4-9092F431CD17" value="true"/>
</engineerTo>
<nullsAllowed>true</nullsAllowed>
<referedAttribute>E78E38E5-4F1E-81C8-1107-4C3540957799</referedAttribute>
<useDomainConstraints>false</useDomainConstraints>
<use>1</use>
<logicalDatatype>LOGDT019</logicalDatatype>
<ownDataTypeParameters>,,</ownDataTypeParameters>
</Attribute>
<Attribute name="tde coren" id="5BB9DA57-27E4-833B-3B3A-293FD96CC569">
<createdBy>sidneibarbieri</createdBy>
<createdTime>2017-04-23 04:13:13 UTC</createdTime>
<generatorID>2EC7C31E-A48D-13D9-3540-00550A4C22A7</generatorID>
<ownerDesignName>HospitalER</ownerDesignName>
<engineerTo>
<item key="CA0DAE52-D9B5-B7DC-4FC4-9092F431CD17" value="true"/>
</engineerTo>
<nullsAllowed>true</nullsAllowed>
<referedAttribute>ACE6ED28-8831-3FED-50AB-7CE213628178</referedAttribute>
<useDomainConstraints>false</useDomainConstraints>
<use>1</use>
<logicalDatatype>LOGDT024</logicalDatatype>
<dataTypeSize>10 CHAR</dataTypeSize>
<ownDataTypeParameters>,,</ownDataTypeParameters>
</Attribute>
</attributes>
<identifiers itemClass="oracle.dbtools.crest.model.design.logical.CandidateKey">
<identifier id="51262ECD-E3B7-61EB-4E13-9D0EBA6201C4" name="APRAZAMENTO_DE_MEDICAMENTO_PK">
<createdBy>sidneibarbieri</createdBy>
<createdTime>2017-04-23 04:11:34 UTC</createdTime>
<ownerDesignName>HospitalER</ownerDesignName>
<shouldEngineer>false</shouldEngineer>
<engineerTo>
<item key="CA0DAE52-D9B5-B7DC-4FC4-9092F431CD17" value="false"/>
</engineerTo>
<pk>true</pk>
<usedAttributes>
<attributeRef>82A3C525-529C-30F4-80E6-C2C724AF736C</attributeRef>
</usedAttributes>
</identifier>
</identifiers>
</Entity>