<?xml version = '1.0' encoding = 'UTF-8'?>
<Entity class="oracle.dbtools.crest.model.design.logical.Entity" directorySegmentName="seg_0" id="FF41185F-D362-FDD2-C700-EE1F8BCCC549" name="PRESCRICAO DE MEDICAMENTO">
<createdBy>sidneibarbieri</createdBy>
<createdTime>2017-04-22 23:51:02 UTC</createdTime>
<ownerDesignName>HospitalER</ownerDesignName>
<engineerTo>
<item key="CA0DAE52-D9B5-B7DC-4FC4-9092F431CD17" value="true"/>
</engineerTo>
<adequatelyNormalized>NO</adequatelyNormalized>
<expectedVolumes>0</expectedVolumes>
<fwdEngineeringStrategyName>Single Table</fwdEngineeringStrategyName>
<growthPercent>0</growthPercent>
<growthType>Year</growthType>
<maxVolumes>9999999</maxVolumes>
<minVolumes>0</minVolumes>
<normalForm>Third</normalForm>
<shortName>pdm_</shortName>
<attributes itemClass="oracle.dbtools.crest.model.design.logical.Attribute">
<Attribute name="pdm id" id="FC4F3656-A36C-4735-1BC4-1E33FCACC224">
<createdBy>sidneibarbieri</createdBy>
<createdTime>2017-04-23 03:50:52 UTC</createdTime>
<ownerDesignName>HospitalER</ownerDesignName>
<engineerTo>
<item key="CA0DAE52-D9B5-B7DC-4FC4-9092F431CD17" value="true"/>
</engineerTo>
<useDomainConstraints>false</useDomainConstraints>
<use>1</use>
<logicalDatatype>LOGDT019</logicalDatatype>
<ownDataTypeParameters>,,</ownDataTypeParameters>
</Attribute>
<Attribute name="pdm data" id="6C524CC5-1C0E-13F1-3600-09DC8E7C8762">
<createdBy>sidneibarbieri</createdBy>
<createdTime>2017-04-23 03:50:32 UTC</createdTime>
<ownerDesignName>HospitalER</ownerDesignName>
<engineerTo>
<item key="CA0DAE52-D9B5-B7DC-4FC4-9092F431CD17" value="true"/>
</engineerTo>
<useDomainConstraints>false</useDomainConstraints>
<use>1</use>
<logicalDatatype>LOGDT008</logicalDatatype>
<ownDataTypeParameters>,,</ownDataTypeParameters>
</Attribute>
<Attribute name="pdm dosagem" id="E08B96BB-4592-AFCC-1B4D-62FD29C09857">
<createdBy>sidneibarbieri</createdBy>
<createdTime>2017-04-23 00:04:10 UTC</createdTime>
<ownerDesignName>HospitalER</ownerDesignName>
<engineerTo>
<item key="CA0DAE52-D9B5-B7DC-4FC4-9092F431CD17" value="true"/>
</engineerTo>
<useDomainConstraints>false</useDomainConstraints>
<use>1</use>
<logicalDatatype>LOGDT024</logicalDatatype>
<dataTypeSize>60 CHAR</dataTypeSize>
<ownDataTypeParameters>60 CHAR,,</ownDataTypeParameters>
</Attribute>
<Attribute name="pdm periodicidade" id="BCE18F4B-661B-9A38-10C1-C565B23E6BB4">
<createdBy>sidneibarbieri</createdBy>
<createdTime>2017-04-23 03:47:24 UTC</createdTime>
<ownerDesignName>HospitalER</ownerDesignName>
<engineerTo>
<item key="CA0DAE52-D9B5-B7DC-4FC4-9092F431CD17" value="true"/>
</engineerTo>
<nullsAllowed>true</nullsAllowed>
<useDomainConstraints>false</useDomainConstraints>
<use>1</use>
<logicalDatatype>LOGDT011</logicalDatatype>
<ownDataTypeParameters>,,</ownDataTypeParameters>
</Attribute>
<Attribute name="pdm prazo" id="2A4082D2-BC77-D185-D649-74B059F40E5A">
<createdBy>sidneibarbieri</createdBy>
<createdTime>2017-04-23 03:47:55 UTC</createdTime>
<ownerDesignName>HospitalER</ownerDesignName>
<engineerTo>
<item key="CA0DAE52-D9B5-B7DC-4FC4-9092F431CD17" value="true"/>
</engineerTo>
<nullsAllowed>true</nullsAllowed>
<useDomainConstraints>false</useDomainConstraints>
<use>1</use>
<logicalDatatype>LOGDT011</logicalDatatype>
<ownDataTypeParameters>,,</ownDataTypeParameters>
</Attribute>
<Attribute name="MEDICO med crm" id="38B407BE-C0EE-320F-573C-E34518F6957D">
<createdBy>sidneibarbieri</createdBy>
<createdTime>2017-04-23 03:58:20 UTC</createdTime>
<generatorID>B2735955-4D69-218C-96D1-7777409CF9EE</generatorID>
<ownerDesignName>HospitalER</ownerDesignName>
<engineerTo>
<item key="CA0DAE52-D9B5-B7DC-4FC4-9092F431CD17" value="true"/>
</engineerTo>
<nullsAllowed>true</nullsAllowed>
<referedAttribute>42A0F25F-46AA-5A45-FE67-0DEF6468313B</referedAttribute>
<useDomainConstraints>false</useDomainConstraints>
<use>1</use>
<logicalDatatype>LOGDT024</logicalDatatype>
<dataTypeSize>10 CHAR</dataTypeSize>
<ownDataTypeParameters>,,</ownDataTypeParameters>
</Attribute>
</attributes>
<identifiers itemClass="oracle.dbtools.crest.model.design.logical.CandidateKey">
<identifier id="156924A9-0EEF-D8E8-55E2-C0B928D0DA60" name="PRESCRICAO_DE_MEDICAMENTO_PK">
<createdBy>sidneibarbieri</createdBy>
<createdTime>2017-04-23 00:17:02 UTC</createdTime>
<ownerDesignName>HospitalER</ownerDesignName>
<shouldEngineer>false</shouldEngineer>
<engineerTo>
<item key="CA0DAE52-D9B5-B7DC-4FC4-9092F431CD17" value="false"/>
</engineerTo>
<pk>true</pk>
<usedAttributes>
<attributeRef>FC4F3656-A36C-4735-1BC4-1E33FCACC224</attributeRef>
</usedAttributes>
</identifier>
</identifiers>
</Entity>