<?xml version = '1.0' encoding = 'UTF-8'?>
<FKIndexAssociation class="oracle.dbtools.crest.model.design.relational.FKIndexAssociation" directorySegmentName="seg_0" id="229B69A2-3078-E554-E5C8-0A5DE37AC329" containerWithKeyObject="AFE1D8EF-22FE-8ED8-E566-29E517C0A80D" localFKIndex="05305E42-E32F-7242-8FD0-85E716EB2CF8" name="APRAZAMENTO_DE_MEDICAMENTO_TECNICOS_DE_ENFERMAGEM_FK">
<createdBy>sidneibarbieri</createdBy>
<createdTime>2017-04-23 13:21:53 UTC</createdTime>
<generatorID>2EC7C31E-A48D-13D9-3540-00550A4C22A7</generatorID>
<ownerDesignName>HospitalER</ownerDesignName>
<deleteRule>NO ACTION</deleteRule>
<referredTableID>00FA1BBC-4982-A958-9E0B-27BFCC88B3F4</referredTableID>
<keyObject>7E1D671B-E961-495E-F09F-C8C15BCB53CF</keyObject>
<referredKeyID>7E1D671B-E961-495E-F09F-C8C15BCB53CF</referredKeyID>
<mandatory>false</mandatory>
<transferable>true</transferable>
<rely>false</rely>
<columnDependencyConstraintGenerateInDDL>true</columnDependencyConstraintGenerateInDDL>
</FKIndexAssociation>