<?xml version = '1.0' encoding = 'UTF-8'?>
<FKIndexAssociation class="oracle.dbtools.crest.model.design.relational.FKIndexAssociation" directorySegmentName="seg_0" id="2ACCDA74-732C-27EF-7448-5868E4FC8206" containerWithKeyObject="AFE1D8EF-22FE-8ED8-E566-29E517C0A80D" localFKIndex="760DA93C-FE7E-8746-6658-C7BC67BFB8D8" name="APRAZAMENTO_DE_MEDICAMENTO_INTERNACAO_FK">
<createdBy>sidneibarbieri</createdBy>
<createdTime>2017-04-23 13:21:53 UTC</createdTime>
<generatorID>86F7E558-192B-BD0F-D2E3-E94636FD2492</generatorID>
<ownerDesignName>HospitalER</ownerDesignName>
<deleteRule>NO ACTION</deleteRule>
<referredTableID>4F6BFBE5-2754-9580-9BAD-D7848FEFA22B</referredTableID>
<keyObject>4C0F355A-E480-8F00-F194-D6ED18C3788A</keyObject>
<referredKeyID>4C0F355A-E480-8F00-F194-D6ED18C3788A</referredKeyID>
<mandatory>false</mandatory>
<transferable>true</transferable>
<rely>false</rely>
<columnDependencyConstraintGenerateInDDL>true</columnDependencyConstraintGenerateInDDL>
</FKIndexAssociation>