<?xml version = '1.0' encoding = 'UTF-8'?>
<FKIndexAssociation class="oracle.dbtools.crest.model.design.relational.FKIndexAssociation" directorySegmentName="seg_0" id="4481B443-8552-DBAC-2527-38C9A6CFD3FF" containerWithKeyObject="AFE1D8EF-22FE-8ED8-E566-29E517C0A80D" localFKIndex="43F7041B-4F60-DDF2-9E97-05B07FE282DA" name="APRAZAMENTO_DE_MEDICAMENTO_PRESCRICAO_DE_MEDICAMENTO_FK">
<createdBy>sidneibarbieri</createdBy>
<createdTime>2017-04-23 13:21:53 UTC</createdTime>
<generatorID>CACAADF9-CE15-4F9D-552B-26D45BA9EC53</generatorID>
<ownerDesignName>HospitalER</ownerDesignName>
<deleteRule>NO ACTION</deleteRule>
<referredTableID>E7E2B608-69E9-5AC4-CFD1-9C3FC4C904CA</referredTableID>
<keyObject>50A91BC1-8AF3-CA52-891E-862544117FCD</keyObject>
<referredKeyID>50A91BC1-8AF3-CA52-891E-862544117FCD</referredKeyID>
<mandatory>false</mandatory>
<transferable>true</transferable>
<rely>false</rely>
<columnDependencyConstraintGenerateInDDL>true</columnDependencyConstraintGenerateInDDL>
</FKIndexAssociation>