<?xml version = '1.0' encoding = 'UTF-8'?>
<FKIndexAssociation class="oracle.dbtools.crest.model.design.relational.FKIndexAssociation" directorySegmentName="seg_0" id="47E01861-963E-BE25-B7FA-0C4E67AB7321" containerWithKeyObject="ABEA533B-5150-DC7B-675B-240442B27EBB" localFKIndex="972B700B-DCB7-6B57-92BB-7CA528A13973" name="PESSOA_MEDICO_FK">
<createdBy>sidneibarbieri</createdBy>
<createdTime>2017-04-23 13:21:53 UTC</createdTime>
<generatorID>D307C198-2841-74FB-6DB2-345D8CE71330</generatorID>
<ownerDesignName>HospitalER</ownerDesignName>
<deleteRule>NO ACTION</deleteRule>
<referredTableID>2E7CFD67-234D-7077-B0B4-C1ED6DDE3CFB</referredTableID>
<keyObject>1FC6686D-35EC-C0BC-69A7-C4A48E6A60E8</keyObject>
<referredKeyID>1FC6686D-35EC-C0BC-69A7-C4A48E6A60E8</referredKeyID>
<mandatory>true</mandatory>
<transferable>true</transferable>
<rely>false</rely>
<columnDependencyConstraintGenerateInDDL>true</columnDependencyConstraintGenerateInDDL>
</FKIndexAssociation>