<?xml version = '1.0' encoding = 'UTF-8'?>
<FKIndexAssociation class="oracle.dbtools.crest.model.design.relational.FKIndexAssociation" directorySegmentName="seg_0" id="4C46614F-7838-3C68-23E3-B8CE815F4AE0" containerWithKeyObject="ABEA533B-5150-DC7B-675B-240442B27EBB" localFKIndex="E1178132-6BD6-6D04-B1B9-EE334CE10D81" name="PESSOA_TECNICOS_DE_ENFERMAGEM_FK">
<createdBy>sidneibarbieri</createdBy>
<createdTime>2017-04-23 13:21:53 UTC</createdTime>
<generatorID>80C9CD37-63FF-0F78-7587-5E83FBC8BF58</generatorID>
<ownerDesignName>HospitalER</ownerDesignName>
<deleteRule>NO ACTION</deleteRule>
<referredTableID>00FA1BBC-4982-A958-9E0B-27BFCC88B3F4</referredTableID>
<keyObject>7E1D671B-E961-495E-F09F-C8C15BCB53CF</keyObject>
<referredKeyID>7E1D671B-E961-495E-F09F-C8C15BCB53CF</referredKeyID>
<mandatory>true</mandatory>
<transferable>true</transferable>
<rely>false</rely>
<columnDependencyConstraintGenerateInDDL>true</columnDependencyConstraintGenerateInDDL>
</FKIndexAssociation>