<?xml version = '1.0' encoding = 'UTF-8'?>
<FKIndexAssociation class="oracle.dbtools.crest.model.design.relational.FKIndexAssociation" directorySegmentName="seg_0" id="4E5E08C1-891F-0B49-A164-2A28161453AF" containerWithKeyObject="D49576C5-5CCC-7CE7-0FEC-DCEE90899045" localFKIndex="061108B1-F133-DD43-B904-9CDF043B5205" name="REGISTROS_INTERNACAO_FK">
<createdBy>sidneibarbieri</createdBy>
<createdTime>2017-04-23 13:21:53 UTC</createdTime>
<generatorID>7172D4E8-9B85-AB79-93FB-B182AEBA7047</generatorID>
<ownerDesignName>HospitalER</ownerDesignName>
<deleteRule>NO ACTION</deleteRule>
<referredTableID>4F6BFBE5-2754-9580-9BAD-D7848FEFA22B</referredTableID>
<keyObject>4C0F355A-E480-8F00-F194-D6ED18C3788A</keyObject>
<referredKeyID>4C0F355A-E480-8F00-F194-D6ED18C3788A</referredKeyID>
<mandatory>false</mandatory>
<transferable>true</transferable>
<rely>false</rely>
<columnDependencyConstraintGenerateInDDL>true</columnDependencyConstraintGenerateInDDL>
</FKIndexAssociation>