<?xml version = '1.0' encoding = 'UTF-8'?>
<FKIndexAssociation class="oracle.dbtools.crest.model.design.relational.FKIndexAssociation" directorySegmentName="seg_0" id="5856D5C3-15CF-891C-2021-06C4F849822A" containerWithKeyObject="ACAD0D6E-4627-0401-0903-3A6636FFACAD" localFKIndex="B85B972D-0A6B-2F30-BECC-B810B72BF3EB" name="SETOR_ENFERMEIRO_FK">
<createdBy>sidneibarbieri</createdBy>
<createdTime>2017-04-23 13:25:26 UTC</createdTime>
<generatorID>E8D543E3-6FE4-C4E6-696D-5FF60FF4ED03</generatorID>
<ownerDesignName>HospitalER</ownerDesignName>
<deleteRule>NO ACTION</deleteRule>
<referredTableID>65C3B3DF-F603-04BB-DA90-57A265492048</referredTableID>
<keyObject>960B5671-1867-E506-51AF-5A85DC10F467</keyObject>
<referredKeyID>960B5671-1867-E506-51AF-5A85DC10F467</referredKeyID>
<mandatory>true</mandatory>
<transferable>true</transferable>
<rely>false</rely>
<columnDependencyConstraintGenerateInDDL>true</columnDependencyConstraintGenerateInDDL>
</FKIndexAssociation>