<?xml version = '1.0' encoding = 'UTF-8'?>
<FKIndexAssociation class="oracle.dbtools.crest.model.design.relational.FKIndexAssociation" directorySegmentName="seg_0" id="5D675084-FDAF-2034-AEFB-EA093C260E26" containerWithKeyObject="CA9CC5BE-BA83-CDF8-3EF5-F0DF3C07EA47" localFKIndex="1DAC1C9A-6484-D887-D900-C16CEF2FCD17" name="FK_ASS_14">
<createdBy>sidneibarbieri</createdBy>
<createdTime>2017-04-23 13:21:53 UTC</createdTime>
<generatorID>5935619A-FEF8-234B-A28D-433D5CD5E530</generatorID>
<ownerDesignName>HospitalER</ownerDesignName>
<deleteRule>NO ACTION</deleteRule>
<referredTableID>EBEFA572-008B-75D6-C8E6-DD0F9AF5608B</referredTableID>
<keyObject>EFD632AC-3B25-1A8C-1C1D-4AD637F58D69</keyObject>
<referredKeyID>EFD632AC-3B25-1A8C-1C1D-4AD637F58D69</referredKeyID>
<mandatory>true</mandatory>
<transferable>true</transferable>
<rely>false</rely>
<columnDependencyConstraintGenerateInDDL>true</columnDependencyConstraintGenerateInDDL>
</FKIndexAssociation>