<?xml version = '1.0' encoding = 'UTF-8'?>
<FKIndexAssociation class="oracle.dbtools.crest.model.design.relational.FKIndexAssociation" directorySegmentName="seg_0" id="697EA881-A672-1961-E660-5925934E17D5" containerWithKeyObject="ACAD0D6E-4627-0401-0903-3A6636FFACAD" localFKIndex="8CEBA205-9FB5-0AEE-55E3-07040836D537" name="SETOR_ORGANIZACAO_DE_SAUDE_FK">
<createdBy>sidneibarbieri</createdBy>
<createdTime>2017-04-23 13:21:53 UTC</createdTime>
<generatorID>FE1650D8-AC97-7A12-F813-08E4CF958AE7</generatorID>
<ownerDesignName>HospitalER</ownerDesignName>
<deleteRule>NO ACTION</deleteRule>
<referredTableID>BC8DDC47-8070-7E6E-E585-8DD2B1476728</referredTableID>
<keyObject>C81B8ED9-4C39-AD76-0B8F-B8D695F2EF98</keyObject>
<referredKeyID>C81B8ED9-4C39-AD76-0B8F-B8D695F2EF98</referredKeyID>
<mandatory>false</mandatory>
<transferable>true</transferable>
<rely>false</rely>
<columnDependencyConstraintGenerateInDDL>true</columnDependencyConstraintGenerateInDDL>
</FKIndexAssociation>