<?xml version = '1.0' encoding = 'UTF-8'?>
<FKIndexAssociation class="oracle.dbtools.crest.model.design.relational.FKIndexAssociation" directorySegmentName="seg_0" id="6B365B0D-15BA-F59C-2DD4-B87B2CF05BDB" containerWithKeyObject="4F6BFBE5-2754-9580-9BAD-D7848FEFA22B" localFKIndex="2FAD2C1E-D814-1F94-8382-84FD7FB067D9" name="INTERNACAO_CLIENTE_FK">
<createdBy>sidneibarbieri</createdBy>
<createdTime>2017-04-23 13:21:53 UTC</createdTime>
<generatorID>181295F0-3B3F-2C30-D69D-AB127C4EAE42</generatorID>
<ownerDesignName>HospitalER</ownerDesignName>
<deleteRule>NO ACTION</deleteRule>
<referredTableID>90BE96CE-B40C-B234-6931-86940781F314</referredTableID>
<keyObject>DB118E3C-D76A-3E05-C045-D6F2CFCC3C7F</keyObject>
<referredKeyID>DB118E3C-D76A-3E05-C045-D6F2CFCC3C7F</referredKeyID>
<mandatory>false</mandatory>
<transferable>true</transferable>
<rely>false</rely>
<columnDependencyConstraintGenerateInDDL>true</columnDependencyConstraintGenerateInDDL>
</FKIndexAssociation>