<?xml version = '1.0' encoding = 'UTF-8'?>
<FKIndexAssociation class="oracle.dbtools.crest.model.design.relational.FKIndexAssociation" directorySegmentName="seg_0" id="7CC689D1-5B82-78C0-E07B-9CADCDE634ED" containerWithKeyObject="90BE96CE-B40C-B234-6931-86940781F314" localFKIndex="E58BB37C-DC7A-123B-F463-3EDB1D98C3CF" name="CLIENTE_PESSOA_FK">
<createdBy>sidneibarbieri</createdBy>
<createdTime>2017-04-23 13:21:53 UTC</createdTime>
<generatorID>991DA741-D47F-756E-2398-059E74F7CAA4</generatorID>
<ownerDesignName>HospitalER</ownerDesignName>
<deleteRule>NO ACTION</deleteRule>
<referredTableID>ABEA533B-5150-DC7B-675B-240442B27EBB</referredTableID>
<keyObject>BE205C8C-C78F-958A-C674-5FAECD75F8CE</keyObject>
<referredKeyID>BE205C8C-C78F-958A-C674-5FAECD75F8CE</referredKeyID>
<mandatory>false</mandatory>
<transferable>true</transferable>
<rely>false</rely>
<columnDependencyConstraintGenerateInDDL>true</columnDependencyConstraintGenerateInDDL>
</FKIndexAssociation>