<?xml version = '1.0' encoding = 'UTF-8'?>
<FKIndexAssociation class="oracle.dbtools.crest.model.design.relational.FKIndexAssociation" directorySegmentName="seg_0" id="C1BCDEA3-AE96-3706-A349-5E0C77A906E8" containerWithKeyObject="E7E2B608-69E9-5AC4-CFD1-9C3FC4C904CA" localFKIndex="ED993AE3-9AAD-DEDC-35C8-08EDCE8FD6B1" name="PRESCRICAO_DE_MEDICAMENTO_MEDICO_FK">
<createdBy>sidneibarbieri</createdBy>
<createdTime>2017-04-23 13:21:53 UTC</createdTime>
<generatorID>B2735955-4D69-218C-96D1-7777409CF9EE</generatorID>
<ownerDesignName>HospitalER</ownerDesignName>
<deleteRule>NO ACTION</deleteRule>
<referredTableID>2E7CFD67-234D-7077-B0B4-C1ED6DDE3CFB</referredTableID>
<keyObject>1FC6686D-35EC-C0BC-69A7-C4A48E6A60E8</keyObject>
<referredKeyID>1FC6686D-35EC-C0BC-69A7-C4A48E6A60E8</referredKeyID>
<mandatory>false</mandatory>
<transferable>true</transferable>
<rely>false</rely>
<columnDependencyConstraintGenerateInDDL>true</columnDependencyConstraintGenerateInDDL>
</FKIndexAssociation>