<?xml version = '1.0' encoding = 'UTF-8'?>
<FKIndexAssociation class="oracle.dbtools.crest.model.design.relational.FKIndexAssociation" directorySegmentName="seg_0" id="CC9AA362-FAF0-549E-D627-17AE29D4215B" containerWithKeyObject="ACAD0D6E-4627-0401-0903-3A6636FFACAD" localFKIndex="E68808E9-3D6F-4107-017A-E195D25627FC" name="SETOR_TECNICOS_DE_ENFERMAGEM_FK">
<createdBy>sidneibarbieri</createdBy>
<createdTime>2017-04-23 13:25:26 UTC</createdTime>
<generatorID>D71754F8-C931-5223-2189-73EF972DDC99</generatorID>
<ownerDesignName>HospitalER</ownerDesignName>
<deleteRule>NO ACTION</deleteRule>
<referredTableID>00FA1BBC-4982-A958-9E0B-27BFCC88B3F4</referredTableID>
<keyObject>7E1D671B-E961-495E-F09F-C8C15BCB53CF</keyObject>
<referredKeyID>7E1D671B-E961-495E-F09F-C8C15BCB53CF</referredKeyID>
<mandatory>true</mandatory>
<transferable>true</transferable>
<rely>false</rely>
<columnDependencyConstraintGenerateInDDL>true</columnDependencyConstraintGenerateInDDL>
</FKIndexAssociation>