<?xml version = '1.0' encoding = 'UTF-8'?>
<FKIndexAssociation class="oracle.dbtools.crest.model.design.relational.FKIndexAssociation" directorySegmentName="seg_0" id="DB7FD25B-766F-0D65-9402-322325F3A808" containerWithKeyObject="4F6BFBE5-2754-9580-9BAD-D7848FEFA22B" localFKIndex="29A5DFE6-C2D8-E423-1FAF-767703A91C15" name="INTERNACAO_SETOR_FK">
<createdBy>sidneibarbieri</createdBy>
<createdTime>2017-04-23 13:21:53 UTC</createdTime>
<generatorID>F5E64A3B-DB1E-1E9F-11B1-405FEB473AE3</generatorID>
<ownerDesignName>HospitalER</ownerDesignName>
<deleteRule>NO ACTION</deleteRule>
<referredTableID>ACAD0D6E-4627-0401-0903-3A6636FFACAD</referredTableID>
<keyObject>4D4830BE-9A23-99AC-3BE6-F88E881339F8</keyObject>
<referredKeyID>4D4830BE-9A23-99AC-3BE6-F88E881339F8</referredKeyID>
<mandatory>false</mandatory>
<transferable>true</transferable>
<rely>false</rely>
<columnDependencyConstraintGenerateInDDL>true</columnDependencyConstraintGenerateInDDL>
</FKIndexAssociation>