<?xml version = '1.0' encoding = 'UTF-8'?>
<FKIndexAssociation class="oracle.dbtools.crest.model.design.relational.FKIndexAssociation" directorySegmentName="seg_0" id="F8907558-8BCD-E361-0079-FA00ABF7D978" containerWithKeyObject="AFE1D8EF-22FE-8ED8-E566-29E517C0A80D" localFKIndex="6436D12E-BADA-5AFF-B167-6A3C58F2836E" name="APRAZAMENTO_DE_MEDICAMENTO_ENFERMEIRO_FK">
<createdBy>sidneibarbieri</createdBy>
<createdTime>2017-04-23 13:21:53 UTC</createdTime>
<generatorID>C9A2F362-82F4-138C-8B9D-6BDCFD17EA52</generatorID>
<ownerDesignName>HospitalER</ownerDesignName>
<deleteRule>NO ACTION</deleteRule>
<referredTableID>65C3B3DF-F603-04BB-DA90-57A265492048</referredTableID>
<keyObject>960B5671-1867-E506-51AF-5A85DC10F467</keyObject>
<referredKeyID>960B5671-1867-E506-51AF-5A85DC10F467</referredKeyID>
<mandatory>false</mandatory>
<transferable>true</transferable>
<rely>false</rely>
<columnDependencyConstraintGenerateInDDL>true</columnDependencyConstraintGenerateInDDL>
</FKIndexAssociation>