<?xml version = '1.0' encoding = 'UTF-8'?>
<FKIndexAssociation class="oracle.dbtools.crest.model.design.relational.FKIndexAssociation" directorySegmentName="seg_0" id="FF76E251-327E-AAA5-8531-20BEF680B21F" containerWithKeyObject="CA9CC5BE-BA83-CDF8-3EF5-F0DF3C07EA47" localFKIndex="84D44452-FDA0-3FED-0770-4C8E6500DB02" name="FK_ASS_13">
<createdBy>sidneibarbieri</createdBy>
<createdTime>2017-04-23 13:21:53 UTC</createdTime>
<generatorID>5935619A-FEF8-234B-A28D-433D5CD5E530</generatorID>
<ownerDesignName>HospitalER</ownerDesignName>
<deleteRule>NO ACTION</deleteRule>
<referredTableID>E7E2B608-69E9-5AC4-CFD1-9C3FC4C904CA</referredTableID>
<keyObject>50A91BC1-8AF3-CA52-891E-862544117FCD</keyObject>
<referredKeyID>50A91BC1-8AF3-CA52-891E-862544117FCD</referredKeyID>
<mandatory>true</mandatory>
<transferable>true</transferable>
<rely>false</rely>
<columnDependencyConstraintGenerateInDDL>true</columnDependencyConstraintGenerateInDDL>
</FKIndexAssociation>