<?xml version = '1.0' encoding = 'UTF-8'?>
<Diagram class="oracle.dbtools.crest.swingui.relational.DPVRelational" name="Relational_1" id="D489EBD5-6C9D-F4FE-3744-0111AAAFA6A0">
<createdBy>sidneibarbieri</createdBy>
<modifiedBy>sidneibarbieri</modifiedBy>
<createdTime>2017-04-23 13:21:38 UTC</createdTime>
<autoRoute>false</autoRoute>
<boxInbox>true</boxInbox>
<showLegend>false</showLegend>
<showLabels>false</showLabels>
<showRelAttributes>false</showRelAttributes>
<gridEnabled>false</gridEnabled>
<showGrid>false</showGrid>
<diagramColor>-1</diagramColor>
<display>false</display>
<notation>1</notation>
<objectViews>
<OView class="oracle.dbtools.crest.swingui.relational.TVTable" oid="00FA1BBC-4982-A958-9E0B-27BFCC88B3F4" otype="Table" vid="5893993A-E35E-FDC2-9D4E-9210CE1A24E9">
<hideElementsInCurrentOnly>false</hideElementsInCurrentOnly>
<bounds x="998" y="33" width="141" height="58"/>
</OView>
<OView class="oracle.dbtools.crest.swingui.relational.TVTable" oid="2E7CFD67-234D-7077-B0B4-C1ED6DDE3CFB" otype="Table" vid="CEA7095A-FC11-E34E-47A5-5FEB41F43322">
<hideElementsInCurrentOnly>false</hideElementsInCurrentOnly>
<bounds x="402" y="86" width="130" height="65"/>
</OView>
<OView class="oracle.dbtools.crest.swingui.relational.TVTable" oid="4F6BFBE5-2754-9580-9BAD-D7848FEFA22B" otype="Table" vid="8FEE3DFF-827A-5A7B-79BE-474F8264228D">
<hideElementsInCurrentOnly>false</hideElementsInCurrentOnly>
<bounds x="435" y="359" width="170" height="76"/>
</OView>
<OView class="oracle.dbtools.crest.swingui.relational.TVTable" oid="65C3B3DF-F603-04BB-DA90-57A265492048" otype="Table" vid="EF08FE4F-464A-155B-1815-279EAACB0D65">
<hideElementsInCurrentOnly>false</hideElementsInCurrentOnly>
<bounds x="852" y="18" width="141" height="45"/>
</OView>
<OView class="oracle.dbtools.crest.swingui.relational.TVTable" oid="90BE96CE-B40C-B234-6931-86940781F314" otype="Table" vid="770F6D10-09A8-58F5-DFBC-EC03552B9AA2">
<hideElementsInCurrentOnly>false</hideElementsInCurrentOnly>
<bounds x="12" y="337" width="170" height="46"/>
</OView>
<OView class="oracle.dbtools.crest.swingui.relational.TVTable" oid="ABEA533B-5150-DC7B-675B-240442B27EBB" otype="Table" vid="8880A640-D564-F6D0-8F2B-1A89BDBC3D56">
<hideElementsInCurrentOnly>false</hideElementsInCurrentOnly>
<bounds x="16" y="0" width="237" height="154"/>
</OView>
<OView class="oracle.dbtools.crest.swingui.relational.TVTable" oid="ACAD0D6E-4627-0401-0903-3A6636FFACAD" otype="Table" vid="1B5E4773-BA43-1CF0-F020-675A3CC38A2C">
<hideElementsInCurrentOnly>false</hideElementsInCurrentOnly>
<bounds x="902" y="432" width="172" height="93"/>
</OView>
<OView class="oracle.dbtools.crest.swingui.relational.TVTable" oid="AFE1D8EF-22FE-8ED8-E566-29E517C0A80D" otype="Table" vid="1B42A6E2-8DF0-A458-DCEF-73CC4D776E09">
<hideElementsInCurrentOnly>false</hideElementsInCurrentOnly>
<bounds x="915" y="271" width="170" height="102"/>
</OView>
<OView class="oracle.dbtools.crest.swingui.relational.TVTable" oid="BC8DDC47-8070-7E6E-E585-8DD2B1476728" otype="Table" vid="E0165708-0196-351A-9657-3B745E161085">
<hideElementsInCurrentOnly>false</hideElementsInCurrentOnly>
<bounds x="903" y="592" width="172" height="87"/>
</OView>
<OView class="oracle.dbtools.crest.swingui.relational.TVTable" oid="CA9CC5BE-BA83-CDF8-3EF5-F0DF3C07EA47" otype="Table" vid="B17D2A21-5E93-F667-11BA-DB7FA2D8B1C0">
<hideElementsInCurrentOnly>false</hideElementsInCurrentOnly>
<bounds x="290" y="530" width="170" height="110"/>
</OView>
<OView class="oracle.dbtools.crest.swingui.relational.TVTable" oid="D49576C5-5CCC-7CE7-0FEC-DCEE90899045" otype="Table" vid="46A63EEC-EA9D-D65B-9CF2-5E8540734A53">
<hideElementsInCurrentOnly>false</hideElementsInCurrentOnly>
<bounds x="428" y="493" width="162" height="181"/>
</OView>
<OView class="oracle.dbtools.crest.swingui.relational.TVTable" oid="E7E2B608-69E9-5AC4-CFD1-9C3FC4C904CA" otype="Table" vid="7C2ACB66-18A4-60D8-5047-8CF5247C4F09">
<hideElementsInCurrentOnly>false</hideElementsInCurrentOnly>
<bounds x="675" y="126" width="128" height="94"/>
</OView>
<OView class="oracle.dbtools.crest.swingui.relational.TVTable" oid="EBEFA572-008B-75D6-C8E6-DD0F9AF5608B" otype="Table" vid="3187C2DB-F63F-756D-2A10-02212FBF0B6A">
<hideElementsInCurrentOnly>false</hideElementsInCurrentOnly>
<bounds x="402" y="163" width="129" height="100"/>
</OView>
</objectViews>
<connectors>
<Connector class="oracle.dbtools.crest.swingui.relational.TVFKRelation" oid="229B69A2-3078-E554-E5C8-0A5DE37AC329" otype="FKIndexAssociation" vid_source="5893993A-E35E-FDC2-9D4E-9210CE1A24E9" vid_target="1B42A6E2-8DF0-A458-DCEF-73CC4D776E09">
<hideElementsInCurrentOnly>false</hideElementsInCurrentOnly>
<lineWidth>1</lineWidth>
<points>
<point x="1035" y="91"/>
<point x="1035" y="271"/>
</points>
</Connector>
<Connector class="oracle.dbtools.crest.swingui.relational.TVFKRelation" oid="2ACCDA74-732C-27EF-7448-5868E4FC8206" otype="FKIndexAssociation" vid_source="8FEE3DFF-827A-5A7B-79BE-474F8264228D" vid_target="1B42A6E2-8DF0-A458-DCEF-73CC4D776E09">
<hideElementsInCurrentOnly>false</hideElementsInCurrentOnly>
<lineWidth>1</lineWidth>
<points>
<point x="605" y="366"/>
<point x="915" y="366"/>
</points>
</Connector>
<Connector class="oracle.dbtools.crest.swingui.relational.TVFKRelation" oid="4481B443-8552-DBAC-2527-38C9A6CFD3FF" otype="FKIndexAssociation" vid_source="7C2ACB66-18A4-60D8-5047-8CF5247C4F09" vid_target="1B42A6E2-8DF0-A458-DCEF-73CC4D776E09">
<hideElementsInCurrentOnly>false</hideElementsInCurrentOnly>
<lineWidth>1</lineWidth>
<points>
<point x="803" y="173"/>
<point x="915" y="322"/>
</points>
</Connector>
<Connector class="oracle.dbtools.crest.swingui.relational.TVFKRelation" oid="47E01861-963E-BE25-B7FA-0C4E67AB7321" otype="FKIndexAssociation" vid_source="CEA7095A-FC11-E34E-47A5-5FEB41F43322" vid_target="8880A640-D564-F6D0-8F2B-1A89BDBC3D56">
<hideElementsInCurrentOnly>false</hideElementsInCurrentOnly>
<lineWidth>1</lineWidth>
<points>
<point x="402" y="128"/>
<point x="253" y="128"/>
</points>
</Connector>
<Connector class="oracle.dbtools.crest.swingui.relational.TVFKRelation" oid="4C46614F-7838-3C68-23E3-B8CE815F4AE0" otype="FKIndexAssociation" vid_source="5893993A-E35E-FDC2-9D4E-9210CE1A24E9" vid_target="8880A640-D564-F6D0-8F2B-1A89BDBC3D56">
<hideElementsInCurrentOnly>false</hideElementsInCurrentOnly>
<lineWidth>1</lineWidth>
<points>
<point x="998" y="62"/>
<point x="253" y="33"/>
</points>
</Connector>
<Connector class="oracle.dbtools.crest.swingui.relational.TVFKRelation" oid="4E5E08C1-891F-0B49-A164-2A28161453AF" otype="FKIndexAssociation" vid_source="8FEE3DFF-827A-5A7B-79BE-474F8264228D" vid_target="46A63EEC-EA9D-D65B-9CF2-5E8540734A53">
<hideElementsInCurrentOnly>false</hideElementsInCurrentOnly>
<lineWidth>1</lineWidth>
<points>
<point x="502" y="435"/>
<point x="502" y="493"/>
</points>
</Connector>
<Connector class="oracle.dbtools.crest.swingui.relational.TVFKRelation" oid="5856D5C3-15CF-891C-2021-06C4F849822A" otype="FKIndexAssociation" vid_source="EF08FE4F-464A-155B-1815-279EAACB0D65" vid_target="1B5E4773-BA43-1CF0-F020-675A3CC38A2C">
<hideElementsInCurrentOnly>false</hideElementsInCurrentOnly>
<lineWidth>1</lineWidth>
<points>
<point x="902" y="63"/>
<point x="902" y="432"/>
</points>
</Connector>
<Connector class="oracle.dbtools.crest.swingui.relational.TVFKRelation" oid="5D675084-FDAF-2034-AEFB-EA093C260E26" otype="FKIndexAssociation" vid_source="3187C2DB-F63F-756D-2A10-02212FBF0B6A" vid_target="B17D2A21-5E93-F667-11BA-DB7FA2D8B1C0">
<hideElementsInCurrentOnly>false</hideElementsInCurrentOnly>
<lineWidth>1</lineWidth>
<points>
<point x="431" y="263"/>
<point x="431" y="530"/>
</points>
</Connector>
<Connector class="oracle.dbtools.crest.swingui.relational.TVFKRelation" oid="697EA881-A672-1961-E660-5925934E17D5" otype="FKIndexAssociation" vid_source="E0165708-0196-351A-9657-3B745E161085" vid_target="1B5E4773-BA43-1CF0-F020-675A3CC38A2C">
<hideElementsInCurrentOnly>false</hideElementsInCurrentOnly>
<lineWidth>1</lineWidth>
<points>
<point x="978" y="592"/>
<point x="978" y="525"/>
</points>
</Connector>
<Connector class="oracle.dbtools.crest.swingui.relational.TVFKRelation" oid="6B365B0D-15BA-F59C-2DD4-B87B2CF05BDB" otype="FKIndexAssociation" vid_source="770F6D10-09A8-58F5-DFBC-EC03552B9AA2" vid_target="8FEE3DFF-827A-5A7B-79BE-474F8264228D">
<hideElementsInCurrentOnly>false</hideElementsInCurrentOnly>
<lineWidth>1</lineWidth>
<points>
<point x="182" y="371"/>
<point x="435" y="371"/>
</points>
</Connector>
<Connector class="oracle.dbtools.crest.swingui.relational.TVFKRelation" oid="7CC689D1-5B82-78C0-E07B-9CADCDE634ED" otype="FKIndexAssociation" vid_source="8880A640-D564-F6D0-8F2B-1A89BDBC3D56" vid_target="770F6D10-09A8-58F5-DFBC-EC03552B9AA2">
<hideElementsInCurrentOnly>false</hideElementsInCurrentOnly>
<lineWidth>1</lineWidth>
<points>
<point x="99" y="154"/>
<point x="99" y="337"/>
</points>
</Connector>
<Connector class="oracle.dbtools.crest.swingui.relational.TVFKRelation" oid="C1BCDEA3-AE96-3706-A349-5E0C77A906E8" otype="FKIndexAssociation" vid_source="CEA7095A-FC11-E34E-47A5-5FEB41F43322" vid_target="7C2ACB66-18A4-60D8-5047-8CF5247C4F09">
<hideElementsInCurrentOnly>false</hideElementsInCurrentOnly>
<lineWidth>1</lineWidth>
<points>
<point x="532" y="138"/>
<point x="675" y="138"/>
</points>
</Connector>
<Connector class="oracle.dbtools.crest.swingui.relational.TVFKRelation" oid="CC9AA362-FAF0-549E-D627-17AE29D4215B" otype="FKIndexAssociation" vid_source="5893993A-E35E-FDC2-9D4E-9210CE1A24E9" vid_target="1B5E4773-BA43-1CF0-F020-675A3CC38A2C">
<hideElementsInCurrentOnly>false</hideElementsInCurrentOnly>
<lineWidth>1</lineWidth>
<points>
<point x="1017" y="91"/>
<point x="1017" y="432"/>
</points>
</Connector>
<Connector class="oracle.dbtools.crest.swingui.relational.TVFKRelation" oid="DB7FD25B-766F-0D65-9402-322325F3A808" otype="FKIndexAssociation" vid_source="1B5E4773-BA43-1CF0-F020-675A3CC38A2C" vid_target="8FEE3DFF-827A-5A7B-79BE-474F8264228D">
<hideElementsInCurrentOnly>false</hideElementsInCurrentOnly>
<lineWidth>1</lineWidth>
<points>
<point x="902" y="433"/>
<point x="605" y="433"/>
</points>
</Connector>
<Connector class="oracle.dbtools.crest.swingui.relational.TVFKRelation" oid="F8907558-8BCD-E361-0079-FA00ABF7D978" otype="FKIndexAssociation" vid_source="EF08FE4F-464A-155B-1815-279EAACB0D65" vid_target="1B42A6E2-8DF0-A458-DCEF-73CC4D776E09">
<hideElementsInCurrentOnly>false</hideElementsInCurrentOnly>
<lineWidth>1</lineWidth>
<points>
<point x="964" y="63"/>
<point x="964" y="271"/>
</points>
</Connector>
<Connector class="oracle.dbtools.crest.swingui.relational.TVFKRelation" oid="FF76E251-327E-AAA5-8531-20BEF680B21F" otype="FKIndexAssociation" vid_source="7C2ACB66-18A4-60D8-5047-8CF5247C4F09" vid_target="B17D2A21-5E93-F667-11BA-DB7FA2D8B1C0">
<hideElementsInCurrentOnly>false</hideElementsInCurrentOnly>
<lineWidth>1</lineWidth>
<points>
<point x="739" y="220"/>
<point x="375" y="530"/>
</points>
</Connector>
</connectors>
</Diagram>