<?xml version = '1.0' encoding = 'UTF-8'?>
<Relation class="oracle.dbtools.crest.model.design.logical.Relation" name="INTERNACAO CLIENTE FK" directorySegmentName="seg_0" id="181295F0-3B3F-2C30-D69D-AB127C4EAE42">
<createdBy>sidneibarbieri</createdBy>
<createdTime>2017-04-23 00:54:06 UTC</createdTime>
<ownerDesignName>HospitalER</ownerDesignName>
<engineerTo>
<item key="CA0DAE52-D9B5-B7DC-4FC4-9092F431CD17" value="true"/>
</engineerTo>
<sourcePk>E3D070CB-AD90-CDAE-A85E-3F130E3C5250</sourcePk>
<identifying>false</identifying>
<optionalSource>false</optionalSource>
<optionalTarget>true</optionalTarget>
<sourceCardinality>1</sourceCardinality>
<sourceEntity>C790AA83-3DFE-302F-A9E6-F0FB20C97EF2</sourceEntity>
<targetCardinalityString>*</targetCardinalityString>
<targetEntity>83931E82-FEDB-30E5-75D8-DB215038D0E1</targetEntity>
<transferable>true</transferable>
<deleteRule>NO ACTION</deleteRule>
</Relation>