<?xml version = '1.0' encoding = 'UTF-8'?>
<Relation class="oracle.dbtools.crest.model.design.logical.Relation" name="APRAZAMENTO DE MEDICAMENTO TECNICOS DE ENFERMAGEM FK" directorySegmentName="seg_0" id="2EC7C31E-A48D-13D9-3540-00550A4C22A7">
<createdBy>sidneibarbieri</createdBy>
<createdTime>2017-04-23 04:11:34 UTC</createdTime>
<ownerDesignName>HospitalER</ownerDesignName>
<engineerTo>
<item key="CA0DAE52-D9B5-B7DC-4FC4-9092F431CD17" value="true"/>
</engineerTo>
<sourcePk>35A1E030-D10F-304C-4FE1-E008BA07DF80</sourcePk>
<identifying>false</identifying>
<optionalSource>false</optionalSource>
<optionalTarget>true</optionalTarget>
<sourceCardinality>1</sourceCardinality>
<sourceEntity>FBB5D495-2A24-FEAC-A5E0-3BBEA4777F04</sourceEntity>
<targetCardinalityString>*</targetCardinalityString>
<targetEntity>E7B51EFD-406E-DF16-6F58-F29DF987D8E5</targetEntity>
<transferable>true</transferable>
<deleteRule>NO ACTION</deleteRule>
</Relation>