<?xml version = '1.0' encoding = 'UTF-8'?>
<Relation class="oracle.dbtools.crest.model.design.logical.Relation" name="POSSUIv3" directorySegmentName="seg_0" id="5935619A-FEF8-234B-A28D-433D5CD5E530">
<createdBy>sidneibarbieri</createdBy>
<createdTime>2017-04-23 03:35:21 UTC</createdTime>
<ownerDesignName>HospitalER</ownerDesignName>
<engineerTo>
<item key="EA97037C-AA95-7F5D-758F-DBC02E056EE1" value="true"/>
</engineerTo>
<sourcePk>156924A9-0EEF-D8E8-55E2-C0B928D0DA60</sourcePk>
<identifying>false</identifying>
<optionalSource>true</optionalSource>
<optionalTarget>false</optionalTarget>
<sourceCardinality>*</sourceCardinality>
<sourceEntity>FF41185F-D362-FDD2-C700-EE1F8BCCC549</sourceEntity>
<targetCardinalityString>*</targetCardinalityString>
<targetEntity>8C90B241-E9CD-E4BB-DB41-6D130A14D7FE</targetEntity>
<transferable>true</transferable>
<deleteRule>NO ACTION</deleteRule>
</Relation>