<?xml version = '1.0' encoding = 'UTF-8'?>
<Relation class="oracle.dbtools.crest.model.design.logical.Relation" name="REGISTROS INTERNACAO FK" directorySegmentName="seg_0" id="7172D4E8-9B85-AB79-93FB-B182AEBA7047">
<createdBy>sidneibarbieri</createdBy>
<createdTime>2017-04-23 00:50:10 UTC</createdTime>
<ownerDesignName>HospitalER</ownerDesignName>
<engineerTo>
<item key="CA0DAE52-D9B5-B7DC-4FC4-9092F431CD17" value="true"/>
</engineerTo>
<sourcePk>2B01B963-E2C0-CACE-D60D-9495F419B543</sourcePk>
<targetPk>4DF01CA5-4C61-E769-8634-A15C8D4551A5</targetPk>
<identifying>false</identifying>
<optionalSource>false</optionalSource>
<optionalTarget>true</optionalTarget>
<sourceCardinality>1</sourceCardinality>
<sourceEntity>83931E82-FEDB-30E5-75D8-DB215038D0E1</sourceEntity>
<targetCardinalityString>*</targetCardinalityString>
<targetEntity>2D7A6ACE-7AC0-7D9E-BA88-36F9B417E4C9</targetEntity>
<transferable>true</transferable>
<deleteRule>NO ACTION</deleteRule>
</Relation>