<?xml version = '1.0' encoding = 'UTF-8'?>
<Relation class="oracle.dbtools.crest.model.design.logical.Relation" name="PESSOA TECNICOS DE ENFERMAGEM FK" directorySegmentName="seg_0" id="80C9CD37-63FF-0F78-7587-5E83FBC8BF58">
<createdBy>sidneibarbieri</createdBy>
<createdTime>2017-04-23 04:10:51 UTC</createdTime>
<ownerDesignName>HospitalER</ownerDesignName>
<engineerTo>
<item key="CA0DAE52-D9B5-B7DC-4FC4-9092F431CD17" value="true"/>
</engineerTo>
<sourcePk>EAC07761-FBDA-8AAF-AE70-A059EE084810</sourcePk>
<targetPk>35A1E030-D10F-304C-4FE1-E008BA07DF80</targetPk>
<identifying>false</identifying>
<optionalSource>false</optionalSource>
<optionalTarget>true</optionalTarget>
<sourceCardinality>1</sourceCardinality>
<sourceEntity>F9A64926-7438-144C-A685-05A5ECD7B3A0</sourceEntity>
<targetCardinalityString>1</targetCardinalityString>
<targetEntity>FBB5D495-2A24-FEAC-A5E0-3BBEA4777F04</targetEntity>
<transferable>true</transferable>
<deleteRule>NO ACTION</deleteRule>
</Relation>