<?xml version = '1.0' encoding = 'UTF-8'?>
<Relation class="oracle.dbtools.crest.model.design.logical.Relation" name="APRAZAMENTO DE MEDICAMENTO INTERNACAO FK" directorySegmentName="seg_0" id="86F7E558-192B-BD0F-D2E3-E94636FD2492">
<createdBy>sidneibarbieri</createdBy>
<createdTime>2017-04-23 00:57:17 UTC</createdTime>
<ownerDesignName>HospitalER</ownerDesignName>
<engineerTo>
<item key="CA0DAE52-D9B5-B7DC-4FC4-9092F431CD17" value="true"/>
</engineerTo>
<sourcePk>2B01B963-E2C0-CACE-D60D-9495F419B543</sourcePk>
<identifying>false</identifying>
<optionalSource>false</optionalSource>
<optionalTarget>true</optionalTarget>
<sourceCardinality>1</sourceCardinality>
<sourceEntity>83931E82-FEDB-30E5-75D8-DB215038D0E1</sourceEntity>
<targetCardinalityString>*</targetCardinalityString>
<targetEntity>E7B51EFD-406E-DF16-6F58-F29DF987D8E5</targetEntity>
<transferable>true</transferable>
<deleteRule>NO ACTION</deleteRule>
</Relation>