<?xml version = '1.0' encoding = 'UTF-8'?>
<Relation class="oracle.dbtools.crest.model.design.logical.Relation" name="CLIENTE PESSOA FK" directorySegmentName="seg_0" id="991DA741-D47F-756E-2398-059E74F7CAA4">
<createdBy>sidneibarbieri</createdBy>
<createdTime>2017-04-23 00:26:00 UTC</createdTime>
<ownerDesignName>HospitalER</ownerDesignName>
<engineerTo>
<item key="CA0DAE52-D9B5-B7DC-4FC4-9092F431CD17" value="true"/>
</engineerTo>
<sourcePk>EAC07761-FBDA-8AAF-AE70-A059EE084810</sourcePk>
<dominantRole>F9A64926-7438-144C-A685-05A5ECD7B3A0</dominantRole>
<identifying>false</identifying>
<optionalSource>false</optionalSource>
<optionalTarget>true</optionalTarget>
<sourceCardinality>1</sourceCardinality>
<sourceEntity>F9A64926-7438-144C-A685-05A5ECD7B3A0</sourceEntity>
<targetCardinalityString>1</targetCardinalityString>
<targetEntity>C790AA83-3DFE-302F-A9E6-F0FB20C97EF2</targetEntity>
<transferable>true</transferable>
<deleteRule>NO ACTION</deleteRule>
</Relation>