<?xml version = '1.0' encoding = 'UTF-8'?>
<Relation class="oracle.dbtools.crest.model.design.logical.Relation" name="PRESCRICAO DE MEDICAMENTO MEDICO FK" directorySegmentName="seg_0" id="B2735955-4D69-218C-96D1-7777409CF9EE">
<createdBy>sidneibarbieri</createdBy>
<createdTime>2017-04-23 00:17:02 UTC</createdTime>
<ownerDesignName>HospitalER</ownerDesignName>
<engineerTo>
<item key="CA0DAE52-D9B5-B7DC-4FC4-9092F431CD17" value="true"/>
</engineerTo>
<sourcePk>6FAE7DB3-60FE-54CB-E1B7-E16E724513AF</sourcePk>
<targetPk>156924A9-0EEF-D8E8-55E2-C0B928D0DA60</targetPk>
<identifying>false</identifying>
<optionalSource>false</optionalSource>
<optionalTarget>true</optionalTarget>
<sourceCardinality>1</sourceCardinality>
<sourceEntity>D73F1A12-A49F-DF90-BCDA-E53D0C8C08E3</sourceEntity>
<targetCardinalityString>*</targetCardinalityString>
<targetEntity>FF41185F-D362-FDD2-C700-EE1F8BCCC549</targetEntity>
<transferable>true</transferable>
<deleteRule>NO ACTION</deleteRule>
</Relation>