<?xml version = '1.0' encoding = 'UTF-8'?>
<Relation class="oracle.dbtools.crest.model.design.logical.Relation" name="APRAZAMENTO DE MEDICAMENTO ENFERMEIRO FK" directorySegmentName="seg_0" id="C9A2F362-82F4-138C-8B9D-6BDCFD17EA52">
<createdBy>sidneibarbieri</createdBy>
<createdTime>2017-04-23 01:24:07 UTC</createdTime>
<ownerDesignName>HospitalER</ownerDesignName>
<engineerTo>
<item key="CA0DAE52-D9B5-B7DC-4FC4-9092F431CD17" value="true"/>
</engineerTo>
<sourcePk>993C888C-497B-D197-4D00-7279E5215F79</sourcePk>
<identifying>false</identifying>
<optionalSource>false</optionalSource>
<optionalTarget>true</optionalTarget>
<sourceCardinality>1</sourceCardinality>
<sourceEntity>B3F29A10-6869-3FEB-1A86-4BC936598332</sourceEntity>
<targetCardinalityString>*</targetCardinalityString>
<targetEntity>E7B51EFD-406E-DF16-6F58-F29DF987D8E5</targetEntity>
<transferable>true</transferable>
<deleteRule>NO ACTION</deleteRule>
</Relation>