<?xml version = '1.0' encoding = 'UTF-8'?>
<Relation class="oracle.dbtools.crest.model.design.logical.Relation" name="APRAZAMENTO DE MEDICAMENTO PRESCRICAO DE MEDICAMENTO FK" directorySegmentName="seg_0" id="CACAADF9-CE15-4F9D-552B-26D45BA9EC53">
<createdBy>sidneibarbieri</createdBy>
<createdTime>2017-04-23 03:52:07 UTC</createdTime>
<ownerDesignName>HospitalER</ownerDesignName>
<engineerTo>
<item key="CA0DAE52-D9B5-B7DC-4FC4-9092F431CD17" value="true"/>
</engineerTo>
<sourcePk>156924A9-0EEF-D8E8-55E2-C0B928D0DA60</sourcePk>
<identifying>false</identifying>
<optionalSource>false</optionalSource>
<optionalTarget>true</optionalTarget>
<sourceCardinality>1</sourceCardinality>
<sourceEntity>FF41185F-D362-FDD2-C700-EE1F8BCCC549</sourceEntity>
<targetCardinalityString>*</targetCardinalityString>
<targetEntity>E7B51EFD-406E-DF16-6F58-F29DF987D8E5</targetEntity>
<transferable>true</transferable>
<deleteRule>NO ACTION</deleteRule>
</Relation>