<?xml version = '1.0' encoding = 'UTF-8'?>
<Relation class="oracle.dbtools.crest.model.design.logical.Relation" name="PESSOA MEDICO FK" directorySegmentName="seg_0" id="D307C198-2841-74FB-6DB2-345D8CE71330">
<createdBy>sidneibarbieri</createdBy>
<createdTime>2017-04-23 13:20:39 UTC</createdTime>
<ownerDesignName>HospitalER</ownerDesignName>
<engineerTo>
<item key="CA0DAE52-D9B5-B7DC-4FC4-9092F431CD17" value="true"/>
</engineerTo>
<sourcePk>6FAE7DB3-60FE-54CB-E1B7-E16E724513AF</sourcePk>
<identifying>false</identifying>
<optionalSource>true</optionalSource>
<optionalTarget>false</optionalTarget>
<sourceCardinality>1</sourceCardinality>
<sourceEntity>D73F1A12-A49F-DF90-BCDA-E53D0C8C08E3</sourceEntity>
<targetCardinalityString>1</targetCardinalityString>
<targetEntity>F9A64926-7438-144C-A685-05A5ECD7B3A0</targetEntity>
<transferable>true</transferable>
<deleteRule>NO ACTION</deleteRule>
</Relation>