<?xml version = '1.0' encoding = 'UTF-8'?>
<Relation class="oracle.dbtools.crest.model.design.logical.Relation" name="TECNICOS DE ENFERMAGEM SETOR FK" directorySegmentName="seg_0" id="D71754F8-C931-5223-2189-73EF972DDC99">
<createdBy>sidneibarbieri</createdBy>
<createdTime>2017-04-23 04:13:37 UTC</createdTime>
<ownerDesignName>HospitalER</ownerDesignName>
<engineerTo>
<item key="CA0DAE52-D9B5-B7DC-4FC4-9092F431CD17" value="true"/>
</engineerTo>
<sourcePk>35A1E030-D10F-304C-4FE1-E008BA07DF80</sourcePk>
<targetPk>3AAF5EA9-B68D-5EC7-824C-765224C66EFC</targetPk>
<identifying>false</identifying>
<optionalSource>true</optionalSource>
<optionalTarget>false</optionalTarget>
<sourceCardinality>1</sourceCardinality>
<sourceEntity>FBB5D495-2A24-FEAC-A5E0-3BBEA4777F04</sourceEntity>
<targetCardinalityString>1</targetCardinalityString>
<targetEntity>844499A8-B528-1396-0307-AAE6002A8383</targetEntity>
<transferable>true</transferable>
<deleteRule>NO ACTION</deleteRule>
</Relation>