<?xml version = '1.0' encoding = 'UTF-8'?>
<Relation class="oracle.dbtools.crest.model.design.logical.Relation" name="ENFERMEIRO SETOR FK" directorySegmentName="seg_0" id="E8D543E3-6FE4-C4E6-696D-5FF60FF4ED03">
<createdBy>sidneibarbieri</createdBy>
<createdTime>2017-04-23 03:20:18 UTC</createdTime>
<ownerDesignName>HospitalER</ownerDesignName>
<engineerTo>
<item key="CA0DAE52-D9B5-B7DC-4FC4-9092F431CD17" value="true"/>
</engineerTo>
<sourcePk>993C888C-497B-D197-4D00-7279E5215F79</sourcePk>
<targetPk>3AAF5EA9-B68D-5EC7-824C-765224C66EFC</targetPk>
<identifying>false</identifying>
<optionalSource>true</optionalSource>
<optionalTarget>false</optionalTarget>
<sourceCardinality>1</sourceCardinality>
<sourceEntity>B3F29A10-6869-3FEB-1A86-4BC936598332</sourceEntity>
<targetCardinalityString>1</targetCardinalityString>
<targetEntity>844499A8-B528-1396-0307-AAE6002A8383</targetEntity>
<transferable>true</transferable>
<deleteRule>NO ACTION</deleteRule>
</Relation>