<?xml version = '1.0' encoding = 'UTF-8'?>
<Relation class="oracle.dbtools.crest.model.design.logical.Relation" name="INTERNACAO SETOR FK" directorySegmentName="seg_0" id="F5E64A3B-DB1E-1E9F-11B1-405FEB473AE3">
<createdBy>sidneibarbieri</createdBy>
<createdTime>2017-04-23 03:16:27 UTC</createdTime>
<ownerDesignName>HospitalER</ownerDesignName>
<engineerTo>
<item key="CA0DAE52-D9B5-B7DC-4FC4-9092F431CD17" value="true"/>
</engineerTo>
<sourcePk>3AAF5EA9-B68D-5EC7-824C-765224C66EFC</sourcePk>
<identifying>false</identifying>
<optionalSource>false</optionalSource>
<optionalTarget>true</optionalTarget>
<sourceCardinality>1</sourceCardinality>
<sourceEntity>844499A8-B528-1396-0307-AAE6002A8383</sourceEntity>
<targetCardinalityString>*</targetCardinalityString>
<targetEntity>83931E82-FEDB-30E5-75D8-DB215038D0E1</targetEntity>
<transferable>true</transferable>
<deleteRule>NO ACTION</deleteRule>
</Relation>