<?xml version = '1.0' encoding = 'UTF-8'?>
<Relation class="oracle.dbtools.crest.model.design.logical.Relation" name="SETOR ORGANIZACAO DE SAUDE FK" directorySegmentName="seg_0" id="FE1650D8-AC97-7A12-F813-08E4CF958AE7">
<createdBy>sidneibarbieri</createdBy>
<createdTime>2017-04-23 03:22:52 UTC</createdTime>
<ownerDesignName>HospitalER</ownerDesignName>
<engineerTo>
<item key="CA0DAE52-D9B5-B7DC-4FC4-9092F431CD17" value="true"/>
</engineerTo>
<sourcePk>5DA55150-3FEB-CF1F-1B5F-EE12555CD91E</sourcePk>
<identifying>false</identifying>
<optionalSource>false</optionalSource>
<optionalTarget>true</optionalTarget>
<sourceCardinality>1</sourceCardinality>
<sourceEntity>BAAC005F-1296-AAA1-5BFF-16A30A5ABAA7</sourceEntity>
<targetCardinalityString>*</targetCardinalityString>
<targetEntity>844499A8-B528-1396-0307-AAE6002A8383</targetEntity>
<transferable>true</transferable>
<deleteRule>NO ACTION</deleteRule>
</Relation>