<?xml version = '1.0' encoding = 'UTF-8'?>
<Table class="oracle.dbtools.crest.model.design.relational.Table" directorySegmentName="seg_0" id="00FA1BBC-4982-A958-9E0B-27BFCC88B3F4" name="TECNICOS_DE_ENFERMAGEM">
<createdBy>sidneibarbieri</createdBy>
<createdTime>2017-04-23 13:21:53 UTC</createdTime>
<generatorID>FBB5D495-2A24-FEAC-A5E0-3BBEA4777F04</generatorID>
<ownerDesignName>HospitalER</ownerDesignName>
<abbreviation>tde_</abbreviation>
<allowColumnReorder>false</allowColumnReorder>
<existDependencyGenerateInDDl>true</existDependencyGenerateInDDl>
<parsed>true</parsed>
<columns itemClass="oracle.dbtools.crest.model.design.relational.Column">
<Column name="tde_coren" id="D6D930EA-4592-BE0A-87DA-14CB80FE3CF2">
<createdBy>sidneibarbieri</createdBy>
<createdTime>2017-04-23 13:21:53 UTC</createdTime>
<generatorID>ACE6ED28-8831-3FED-50AB-7CE213628178</generatorID>
<ownerDesignName>HospitalER</ownerDesignName>
<useDomainConstraints>false</useDomainConstraints>
<use>1</use>
<logicalDatatype>LOGDT024</logicalDatatype>
<dataTypeSize>10 CHAR</dataTypeSize>
<ownDataTypeParameters>10 CHAR,,</ownDataTypeParameters>
<autoIncrementCycle>false</autoIncrementCycle>
</Column>
</columns>
<indexes itemClass="oracle.dbtools.crest.model.design.relational.Index">
<ind_PK_UK id="7E1D671B-E961-495E-F09F-C8C15BCB53CF" name="TECNICOS_DE_ENFERMAGEM_PK">
<createdBy>sidneibarbieri</createdBy>
<createdTime>2017-04-23 13:21:53 UTC</createdTime>
<generatorID>35A1E030-D10F-304C-4FE1-E008BA07DF80</generatorID>
<ownerDesignName>HospitalER</ownerDesignName>
<pk>true</pk>
<indexState>Primary Constraint</indexState>
<isSurrogateKey>false</isSurrogateKey>
<indexColumnUsage>
<colUsage columnID="D6D930EA-4592-BE0A-87DA-14CB80FE3CF2"/>
</indexColumnUsage>
</ind_PK_UK>
</indexes>
</Table>