<?xml version = '1.0' encoding = 'UTF-8'?>
<Table class="oracle.dbtools.crest.model.design.relational.Table" directorySegmentName="seg_0" id="2E7CFD67-234D-7077-B0B4-C1ED6DDE3CFB" name="MEDICO">
<createdBy>sidneibarbieri</createdBy>
<createdTime>2017-04-23 13:21:53 UTC</createdTime>
<generatorID>D73F1A12-A49F-DF90-BCDA-E53D0C8C08E3</generatorID>
<ownerDesignName>HospitalER</ownerDesignName>
<abbreviation>med_</abbreviation>
<allowColumnReorder>false</allowColumnReorder>
<existDependencyGenerateInDDl>true</existDependencyGenerateInDDl>
<parsed>true</parsed>
<columns itemClass="oracle.dbtools.crest.model.design.relational.Column">
<Column name="med_crm" id="3DF53359-49E7-3D11-A4F0-C1EEF6834CD5">
<createdBy>sidneibarbieri</createdBy>
<createdTime>2017-04-23 13:21:53 UTC</createdTime>
<generatorID>42A0F25F-46AA-5A45-FE67-0DEF6468313B</generatorID>
<ownerDesignName>HospitalER</ownerDesignName>
<useDomainConstraints>false</useDomainConstraints>
<use>1</use>
<logicalDatatype>LOGDT024</logicalDatatype>
<dataTypeSize>10 CHAR</dataTypeSize>
<ownDataTypeParameters>10 CHAR,,</ownDataTypeParameters>
<autoIncrementCycle>false</autoIncrementCycle>
</Column>
</columns>
<indexes itemClass="oracle.dbtools.crest.model.design.relational.Index">
<ind_PK_UK id="1FC6686D-35EC-C0BC-69A7-C4A48E6A60E8" name="MEDICO_PK">
<createdBy>sidneibarbieri</createdBy>
<createdTime>2017-04-23 13:21:53 UTC</createdTime>
<generatorID>6FAE7DB3-60FE-54CB-E1B7-E16E724513AF</generatorID>
<ownerDesignName>HospitalER</ownerDesignName>
<pk>true</pk>
<indexState>Primary Constraint</indexState>
<isSurrogateKey>false</isSurrogateKey>
<indexColumnUsage>
<colUsage columnID="3DF53359-49E7-3D11-A4F0-C1EEF6834CD5"/>
</indexColumnUsage>
</ind_PK_UK>
</indexes>
</Table>