<?xml version = '1.0' encoding = 'UTF-8'?>
<Table class="oracle.dbtools.crest.model.design.relational.Table" directorySegmentName="seg_0" id="4F6BFBE5-2754-9580-9BAD-D7848FEFA22B" name="INTERNACAO">
<createdBy>sidneibarbieri</createdBy>
<createdTime>2017-04-23 13:21:53 UTC</createdTime>
<generatorID>83931E82-FEDB-30E5-75D8-DB215038D0E1</generatorID>
<ownerDesignName>HospitalER</ownerDesignName>
<abbreviation>int_</abbreviation>
<allowColumnReorder>false</allowColumnReorder>
<existDependencyGenerateInDDl>true</existDependencyGenerateInDDl>
<parsed>true</parsed>
<columns itemClass="oracle.dbtools.crest.model.design.relational.Column">
<Column name="int_id" id="5FE40BA2-DDA5-5650-CFD2-A94B3DAD23F2">
<createdBy>sidneibarbieri</createdBy>
<createdTime>2017-04-23 13:21:53 UTC</createdTime>
<generatorID>E78E38E5-4F1E-81C8-1107-4C3540957799</generatorID>
<ownerDesignName>HospitalER</ownerDesignName>
<useDomainConstraints>false</useDomainConstraints>
<use>1</use>
<logicalDatatype>LOGDT019</logicalDatatype>
<ownDataTypeParameters>,,</ownDataTypeParameters>
<autoIncrementCycle>false</autoIncrementCycle>
</Column>
<Column name="int_dataini" id="2369B8B0-C342-C179-527B-01BCFAE2DCFF">
<createdBy>sidneibarbieri</createdBy>
<createdTime>2017-04-23 13:21:53 UTC</createdTime>
<generatorID>EA1EAA05-B367-D7B9-0D1F-A4BE3B990F96</generatorID>
<ownerDesignName>HospitalER</ownerDesignName>
<useDomainConstraints>false</useDomainConstraints>
<use>1</use>
<logicalDatatype>LOGDT008</logicalDatatype>
<ownDataTypeParameters>,,</ownDataTypeParameters>
<autoIncrementCycle>false</autoIncrementCycle>
</Column>
<Column name="int_datafim" id="8BFAA8D2-2BAE-79B4-6A42-CA8E92124E80">
<createdBy>sidneibarbieri</createdBy>
<createdTime>2017-04-23 13:21:53 UTC</createdTime>
<generatorID>F9F7E4D1-88FD-AEA9-67DA-E4CA67D1A908</generatorID>
<ownerDesignName>HospitalER</ownerDesignName>
<nullsAllowed>true</nullsAllowed>
<useDomainConstraints>false</useDomainConstraints>
<use>1</use>
<logicalDatatype>LOGDT008</logicalDatatype>
<ownDataTypeParameters>,,</ownDataTypeParameters>
<autoIncrementCycle>false</autoIncrementCycle>
</Column>
<Column name="CLIENTE_cli_prontuario" id="E8EC5E11-97C8-000D-4468-9164D7194E22">
<createdBy>sidneibarbieri</createdBy>
<createdTime>2017-04-23 13:21:53 UTC</createdTime>
<generatorID>A9A7797B-430B-2A8E-C3D1-6B32C2976EB7</generatorID>
<ownerDesignName>HospitalER</ownerDesignName>
<nullsAllowed>true</nullsAllowed>
<useDomainConstraints>false</useDomainConstraints>
<use>1</use>
<logicalDatatype>LOGDT019</logicalDatatype>
<ownDataTypeParameters>,,</ownDataTypeParameters>
<previousColumn>false</previousColumn>
<autoIncrementCycle>false</autoIncrementCycle>
<associations>
<colAssociation fkAssociation="6B365B0D-15BA-F59C-2DD4-B87B2CF05BDB" referredColumn="01864ECE-D191-9FFA-DA7B-733C5C574AC4"/>
</associations>
</Column>
<Column name="SETOR_set_id" id="D04F276B-946A-57D3-A262-87D57AA99B07">
<createdBy>sidneibarbieri</createdBy>
<createdTime>2017-04-23 13:21:53 UTC</createdTime>
<generatorID>C437E725-683A-34F6-8931-D505749868B9</generatorID>
<ownerDesignName>HospitalER</ownerDesignName>
<nullsAllowed>true</nullsAllowed>
<useDomainConstraints>false</useDomainConstraints>
<use>1</use>
<logicalDatatype>LOGDT019</logicalDatatype>
<ownDataTypeParameters>,,</ownDataTypeParameters>
<previousColumn>false</previousColumn>
<autoIncrementCycle>false</autoIncrementCycle>
<associations>
<colAssociation fkAssociation="DB7FD25B-766F-0D65-9402-322325F3A808" referredColumn="4388C9AE-D18E-9808-3B16-22B12D7FB5DA"/>
</associations>
</Column>
</columns>
<indexes itemClass="oracle.dbtools.crest.model.design.relational.Index">
<ind_PK_UK id="4C0F355A-E480-8F00-F194-D6ED18C3788A" name="INTERNACAO_PK">
<createdBy>sidneibarbieri</createdBy>
<createdTime>2017-04-23 13:21:53 UTC</createdTime>
<generatorID>2B01B963-E2C0-CACE-D60D-9495F419B543</generatorID>
<ownerDesignName>HospitalER</ownerDesignName>
<pk>true</pk>
<indexState>Primary Constraint</indexState>
<isSurrogateKey>false</isSurrogateKey>
<indexColumnUsage>
<colUsage columnID="5FE40BA2-DDA5-5650-CFD2-A94B3DAD23F2"/>
</indexColumnUsage>
</ind_PK_UK>
<ind_PK_UK id="29A5DFE6-C2D8-E423-1FAF-767703A91C15" name="INTERNACAO_SETOR_FK">
<createdBy>sidneibarbieri</createdBy>
<createdTime>2017-04-23 13:21:53 UTC</createdTime>
<generatorID>F5E64A3B-DB1E-1E9F-11B1-405FEB473AE3</generatorID>
<ownerDesignName>HospitalER</ownerDesignName>
<indexState>Foreign Key</indexState>
<isSurrogateKey>false</isSurrogateKey>
<indexColumnUsage>
<colUsage columnID="D04F276B-946A-57D3-A262-87D57AA99B07"/>
</indexColumnUsage>
</ind_PK_UK>
<ind_PK_UK id="2FAD2C1E-D814-1F94-8382-84FD7FB067D9" name="INTERNACAO_CLIENTE_FK">
<createdBy>sidneibarbieri</createdBy>
<createdTime>2017-04-23 13:21:53 UTC</createdTime>
<generatorID>181295F0-3B3F-2C30-D69D-AB127C4EAE42</generatorID>
<ownerDesignName>HospitalER</ownerDesignName>
<indexState>Foreign Key</indexState>
<isSurrogateKey>false</isSurrogateKey>
<indexColumnUsage>
<colUsage columnID="E8EC5E11-97C8-000D-4468-9164D7194E22"/>
</indexColumnUsage>
</ind_PK_UK>
</indexes>
</Table>