<?xml version = '1.0' encoding = 'UTF-8'?>
<Table class="oracle.dbtools.crest.model.design.relational.Table" directorySegmentName="seg_0" id="65C3B3DF-F603-04BB-DA90-57A265492048" name="ENFERMEIRO">
<createdBy>sidneibarbieri</createdBy>
<createdTime>2017-04-23 13:21:53 UTC</createdTime>
<generatorID>B3F29A10-6869-3FEB-1A86-4BC936598332</generatorID>
<ownerDesignName>HospitalER</ownerDesignName>
<abbreviation>enf_</abbreviation>
<allowColumnReorder>false</allowColumnReorder>
<existDependencyGenerateInDDl>true</existDependencyGenerateInDDl>
<parsed>true</parsed>
<columns itemClass="oracle.dbtools.crest.model.design.relational.Column">
<Column name="enf_coren" id="D8FF3E8A-188E-2292-7D0A-A08266AA4AE5">
<createdBy>sidneibarbieri</createdBy>
<createdTime>2017-04-23 13:21:53 UTC</createdTime>
<generatorID>C9C84AC9-E7F7-2977-16FB-74AC0A295922</generatorID>
<ownerDesignName>HospitalER</ownerDesignName>
<useDomainConstraints>false</useDomainConstraints>
<use>1</use>
<logicalDatatype>LOGDT024</logicalDatatype>
<dataTypeSize>10 CHAR</dataTypeSize>
<ownDataTypeParameters>10 CHAR,,</ownDataTypeParameters>
<autoIncrementCycle>false</autoIncrementCycle>
</Column>
</columns>
<indexes itemClass="oracle.dbtools.crest.model.design.relational.Index">
<ind_PK_UK id="960B5671-1867-E506-51AF-5A85DC10F467" name="ENFERMEIRO_PK">
<createdBy>sidneibarbieri</createdBy>
<createdTime>2017-04-23 13:21:53 UTC</createdTime>
<generatorID>993C888C-497B-D197-4D00-7279E5215F79</generatorID>
<ownerDesignName>HospitalER</ownerDesignName>
<pk>true</pk>
<indexState>Primary Constraint</indexState>
<isSurrogateKey>false</isSurrogateKey>
<indexColumnUsage>
<colUsage columnID="D8FF3E8A-188E-2292-7D0A-A08266AA4AE5"/>
</indexColumnUsage>
</ind_PK_UK>
<ind_PK_UK id="C405657D-2410-01A3-D6E9-BF2D2719BBE2" name="ENFERMEIRO__IDX">
<createdBy>sidneibarbieri</createdBy>
<createdTime>2017-04-23 13:21:53 UTC</createdTime>
<ownerDesignName>HospitalER</ownerDesignName>
<indexState>Unique Plain Index</indexState>
<isSurrogateKey>false</isSurrogateKey>
<relationGeneratorID>4A5110D3-34D0-116D-107E-326C309AA5D3</relationGeneratorID>
</ind_PK_UK>
</indexes>
</Table>