<?xml version = '1.0' encoding = 'UTF-8'?>
<Table class="oracle.dbtools.crest.model.design.relational.Table" directorySegmentName="seg_0" id="90BE96CE-B40C-B234-6931-86940781F314" name="CLIENTE">
<createdBy>sidneibarbieri</createdBy>
<createdTime>2017-04-23 13:21:53 UTC</createdTime>
<generatorID>C790AA83-3DFE-302F-A9E6-F0FB20C97EF2</generatorID>
<ownerDesignName>HospitalER</ownerDesignName>
<abbreviation>cli_</abbreviation>
<allowColumnReorder>false</allowColumnReorder>
<existDependencyGenerateInDDl>true</existDependencyGenerateInDDl>
<parsed>true</parsed>
<columns itemClass="oracle.dbtools.crest.model.design.relational.Column">
<Column name="cli_prontuario" id="01864ECE-D191-9FFA-DA7B-733C5C574AC4">
<createdBy>sidneibarbieri</createdBy>
<createdTime>2017-04-23 13:21:53 UTC</createdTime>
<generatorID>A7AD3B9D-C825-E1E3-A934-39A254626489</generatorID>
<ownerDesignName>HospitalER</ownerDesignName>
<useDomainConstraints>false</useDomainConstraints>
<use>1</use>
<logicalDatatype>LOGDT019</logicalDatatype>
<ownDataTypeParameters>,,</ownDataTypeParameters>
<autoIncrementCycle>false</autoIncrementCycle>
</Column>
<Column name="PESSOA_cpf" id="D21A0F9F-2D9F-C186-E9E5-B05255E6FFD1">
<createdBy>sidneibarbieri</createdBy>
<createdTime>2017-04-23 13:21:53 UTC</createdTime>
<generatorID>913AA9FA-030A-D39E-5C28-13277DDE2E4D</generatorID>
<ownerDesignName>HospitalER</ownerDesignName>
<nullsAllowed>true</nullsAllowed>
<useDomainConstraints>false</useDomainConstraints>
<use>1</use>
<logicalDatatype>LOGDT024</logicalDatatype>
<dataTypeSize>11 CHAR</dataTypeSize>
<ownDataTypeParameters>,,</ownDataTypeParameters>
<previousColumn>false</previousColumn>
<autoIncrementCycle>false</autoIncrementCycle>
<associations>
<colAssociation fkAssociation="7CC689D1-5B82-78C0-E07B-9CADCDE634ED" referredColumn="5C6462F3-F3E1-EC59-0BDB-CCA2D760C9F1"/>
</associations>
</Column>
</columns>
<indexes itemClass="oracle.dbtools.crest.model.design.relational.Index">
<ind_PK_UK id="DB118E3C-D76A-3E05-C045-D6F2CFCC3C7F" name="CLIENTE_PK">
<createdBy>sidneibarbieri</createdBy>
<createdTime>2017-04-23 13:21:53 UTC</createdTime>
<generatorID>E3D070CB-AD90-CDAE-A85E-3F130E3C5250</generatorID>
<ownerDesignName>HospitalER</ownerDesignName>
<pk>true</pk>
<indexState>Primary Constraint</indexState>
<isSurrogateKey>false</isSurrogateKey>
<indexColumnUsage>
<colUsage columnID="01864ECE-D191-9FFA-DA7B-733C5C574AC4"/>
</indexColumnUsage>
</ind_PK_UK>
<ind_PK_UK id="BA08EDA6-B853-2557-C2DE-466381EAAD47" name="CLIENTE__IDX">
<createdBy>sidneibarbieri</createdBy>
<createdTime>2017-04-23 13:21:53 UTC</createdTime>
<ownerDesignName>HospitalER</ownerDesignName>
<indexState>Unique Plain Index</indexState>
<isSurrogateKey>false</isSurrogateKey>
<relationGeneratorID>991DA741-D47F-756E-2398-059E74F7CAA4</relationGeneratorID>
<indexColumnUsage>
<colUsage columnID="D21A0F9F-2D9F-C186-E9E5-B05255E6FFD1"/>
</indexColumnUsage>
</ind_PK_UK>
<ind_PK_UK id="E58BB37C-DC7A-123B-F463-3EDB1D98C3CF" name="CLIENTE_PESSOA_FK">
<createdBy>sidneibarbieri</createdBy>
<createdTime>2017-04-23 13:21:53 UTC</createdTime>
<generatorID>991DA741-D47F-756E-2398-059E74F7CAA4</generatorID>
<ownerDesignName>HospitalER</ownerDesignName>
<indexState>Foreign Key</indexState>
<isSurrogateKey>false</isSurrogateKey>
<indexColumnUsage>
<colUsage columnID="D21A0F9F-2D9F-C186-E9E5-B05255E6FFD1"/>
</indexColumnUsage>
</ind_PK_UK>
</indexes>
</Table>