<?xml version = '1.0' encoding = 'UTF-8'?>
<Table class="oracle.dbtools.crest.model.design.relational.Table" directorySegmentName="seg_0" id="ABEA533B-5150-DC7B-675B-240442B27EBB" name="PESSOA">
<createdBy>sidneibarbieri</createdBy>
<createdTime>2017-04-23 13:21:53 UTC</createdTime>
<generatorID>F9A64926-7438-144C-A685-05A5ECD7B3A0</generatorID>
<ownerDesignName>HospitalER</ownerDesignName>
<abbreviation>pes</abbreviation>
<allowColumnReorder>false</allowColumnReorder>
<existDependencyGenerateInDDl>true</existDependencyGenerateInDDl>
<parsed>true</parsed>
<columns itemClass="oracle.dbtools.crest.model.design.relational.Column">
<Column name="cpf" id="5C6462F3-F3E1-EC59-0BDB-CCA2D760C9F1">
<createdBy>sidneibarbieri</createdBy>
<createdTime>2017-04-23 13:21:53 UTC</createdTime>
<generatorID>B81565B6-0D1C-1246-F0CF-9216BB3870F0</generatorID>
<ownerDesignName>HospitalER</ownerDesignName>
<useDomainConstraints>false</useDomainConstraints>
<use>1</use>
<logicalDatatype>LOGDT024</logicalDatatype>
<dataTypeSize>11 CHAR</dataTypeSize>
<ownDataTypeParameters>11 CHAR,,</ownDataTypeParameters>
<autoIncrementCycle>false</autoIncrementCycle>
</Column>
<Column name="nome" id="8C8B260A-BD76-61FE-0ACF-DA8EBAF96018">
<createdBy>sidneibarbieri</createdBy>
<createdTime>2017-04-23 13:21:53 UTC</createdTime>
<generatorID>68D0178A-44DF-8692-4823-94CB94ECCD41</generatorID>
<ownerDesignName>HospitalER</ownerDesignName>
<nullsAllowed>true</nullsAllowed>
<useDomainConstraints>false</useDomainConstraints>
<use>1</use>
<logicalDatatype>LOGDT024</logicalDatatype>
<dataTypeSize>60 CHAR</dataTypeSize>
<ownDataTypeParameters>60 CHAR,,</ownDataTypeParameters>
<autoIncrementCycle>false</autoIncrementCycle>
</Column>
<Column name="pai" id="9D48E408-4971-16E0-122C-A7F8F58F2836">
<createdBy>sidneibarbieri</createdBy>
<createdTime>2017-04-23 13:21:53 UTC</createdTime>
<generatorID>8548EE35-A377-D9D6-5723-E0D5D725A7AB</generatorID>
<ownerDesignName>HospitalER</ownerDesignName>
<nullsAllowed>true</nullsAllowed>
<useDomainConstraints>false</useDomainConstraints>
<use>1</use>
<logicalDatatype>LOGDT024</logicalDatatype>
<dataTypeSize>60 CHAR</dataTypeSize>
<ownDataTypeParameters>60 CHAR,,</ownDataTypeParameters>
<autoIncrementCycle>false</autoIncrementCycle>
</Column>
<Column name="mae" id="CE51DF82-820C-A1D2-894D-E6E3E199D0BE">
<createdBy>sidneibarbieri</createdBy>
<createdTime>2017-04-23 13:21:53 UTC</createdTime>
<generatorID>7D9E1518-8EAA-1A8C-C012-71F0E2FBF061</generatorID>
<ownerDesignName>HospitalER</ownerDesignName>
<nullsAllowed>true</nullsAllowed>
<useDomainConstraints>false</useDomainConstraints>
<use>1</use>
<logicalDatatype>LOGDT024</logicalDatatype>
<dataTypeSize>60 CHAR</dataTypeSize>
<ownDataTypeParameters>60 CHAR,,</ownDataTypeParameters>
<autoIncrementCycle>false</autoIncrementCycle>
</Column>
<Column name="endereco" id="03EE00D6-C8C9-9E5E-1146-E47A3A6139BD">
<createdBy>sidneibarbieri</createdBy>
<createdTime>2017-04-23 13:21:53 UTC</createdTime>
<generatorID>26BE743E-9BBF-5284-708E-112861A90244</generatorID>
<ownerDesignName>HospitalER</ownerDesignName>
<nullsAllowed>true</nullsAllowed>
<useDomainConstraints>false</useDomainConstraints>
<use>1</use>
<logicalDatatype>LOGDT024</logicalDatatype>
<dataTypeSize>255 CHAR</dataTypeSize>
<ownDataTypeParameters>255 CHAR,,</ownDataTypeParameters>
<autoIncrementCycle>false</autoIncrementCycle>
</Column>
<Column name="telefone" id="E8DDE63E-FC91-ECFD-F16F-BB2BB2943A22">
<createdBy>sidneibarbieri</createdBy>
<createdTime>2017-04-23 13:21:53 UTC</createdTime>
<generatorID>A6CA32B9-286A-D866-0512-DE25E5852A2E</generatorID>
<ownerDesignName>HospitalER</ownerDesignName>
<nullsAllowed>true</nullsAllowed>
<useDomainConstraints>false</useDomainConstraints>
<use>1</use>
<logicalDatatype>LOGDT024</logicalDatatype>
<dataTypeSize>20</dataTypeSize>
<ownDataTypeParameters>20,,</ownDataTypeParameters>
<autoIncrementCycle>false</autoIncrementCycle>
</Column>
<Column name="email" id="DA68FA17-159B-40CF-B06B-4D3DF59342B8">
<createdBy>sidneibarbieri</createdBy>
<createdTime>2017-04-23 13:21:53 UTC</createdTime>
<generatorID>488D425C-1776-2FA5-DCD3-31A3F2ABC975</generatorID>
<ownerDesignName>HospitalER</ownerDesignName>
<nullsAllowed>true</nullsAllowed>
<useDomainConstraints>false</useDomainConstraints>
<use>1</use>
<logicalDatatype>LOGDT024</logicalDatatype>
<dataTypeSize>60 CHAR</dataTypeSize>
<ownDataTypeParameters>60 CHAR,,</ownDataTypeParameters>
<autoIncrementCycle>false</autoIncrementCycle>
</Column>
<Column name="identidade" id="F97496A9-1560-F57B-D72A-0A55A4AFEE60">
<createdBy>sidneibarbieri</createdBy>
<createdTime>2017-04-23 13:21:53 UTC</createdTime>
<generatorID>A563B410-524C-CB53-B0EA-2C9587DDB798</generatorID>
<ownerDesignName>HospitalER</ownerDesignName>
<nullsAllowed>true</nullsAllowed>
<useDomainConstraints>false</useDomainConstraints>
<use>1</use>
<logicalDatatype>LOGDT024</logicalDatatype>
<dataTypeSize>20 CHAR</dataTypeSize>
<ownDataTypeParameters>20 CHAR,,</ownDataTypeParameters>
<autoIncrementCycle>false</autoIncrementCycle>
</Column>
<Column name="TECNICOS_DE_ENFERMAGEM_tde_coren" id="16027D99-3DB2-9025-20ED-63D5E18515C2">
<createdBy>sidneibarbieri</createdBy>
<createdTime>2017-04-23 13:21:53 UTC</createdTime>
<generatorID>AD3B04A6-0890-72CD-AB72-029137D638D6</generatorID>
<ownerDesignName>HospitalER</ownerDesignName>
<useDomainConstraints>false</useDomainConstraints>
<use>1</use>
<logicalDatatype>LOGDT024</logicalDatatype>
<dataTypeSize>10 CHAR</dataTypeSize>
<ownDataTypeParameters>,,</ownDataTypeParameters>
<previousColumn>false</previousColumn>
<autoIncrementCycle>false</autoIncrementCycle>
<associations>
<colAssociation fkAssociation="4C46614F-7838-3C68-23E3-B8CE815F4AE0" referredColumn="D6D930EA-4592-BE0A-87DA-14CB80FE3CF2"/>
</associations>
</Column>
<Column name="MEDICO_med_crm" id="1F3FB962-12A6-427E-7983-6FC0CF71E4D6">
<createdBy>sidneibarbieri</createdBy>
<createdTime>2017-04-23 13:21:53 UTC</createdTime>
<generatorID>21126EC7-B02B-A3F4-4AC0-F286BA957F7D</generatorID>
<ownerDesignName>HospitalER</ownerDesignName>
<useDomainConstraints>false</useDomainConstraints>
<use>1</use>
<logicalDatatype>LOGDT024</logicalDatatype>
<dataTypeSize>10 CHAR</dataTypeSize>
<ownDataTypeParameters>,,</ownDataTypeParameters>
<previousColumn>false</previousColumn>
<autoIncrementCycle>false</autoIncrementCycle>
<associations>
<colAssociation fkAssociation="47E01861-963E-BE25-B7FA-0C4E67AB7321" referredColumn="3DF53359-49E7-3D11-A4F0-C1EEF6834CD5"/>
</associations>
</Column>
<Column name="pes_ID" id="309F397F-495A-7624-E665-4F478F496851">
<createdBy>sidneibarbieri</createdBy>
<createdTime>2017-04-23 13:21:53 UTC</createdTime>
<ownerDesignName>HospitalER</ownerDesignName>
<useDomainConstraints>false</useDomainConstraints>
<use>1</use>
<logicalDatatype>LOGDT019</logicalDatatype>
<ownDataTypeParameters>,,</ownDataTypeParameters>
<autoIncrementColumn>true</autoIncrementColumn>
<identityColumn>true</identityColumn>
<autoIncrementCycle>false</autoIncrementCycle>
<isSurrogateColumn>true</isSurrogateColumn>
</Column>
</columns>
<indexes itemClass="oracle.dbtools.crest.model.design.relational.Index">
<ind_PK_UK id="BE205C8C-C78F-958A-C674-5FAECD75F8CE" name="PESSOA_cpf_UN">
<createdBy>sidneibarbieri</createdBy>
<createdTime>2017-04-23 13:21:53 UTC</createdTime>
<generatorID>EAC07761-FBDA-8AAF-AE70-A059EE084810</generatorID>
<ownerDesignName>HospitalER</ownerDesignName>
<indexState>Unique Constraint</indexState>
<isSurrogateKey>false</isSurrogateKey>
<indexColumnUsage>
<colUsage columnID="5C6462F3-F3E1-EC59-0BDB-CCA2D760C9F1"/>
</indexColumnUsage>
</ind_PK_UK>
<ind_PK_UK id="71FB25A3-6D52-5AA7-DB76-179BC732D5D1" name="PESSOA__IDX">
<createdBy>sidneibarbieri</createdBy>
<createdTime>2017-04-23 13:21:53 UTC</createdTime>
<ownerDesignName>HospitalER</ownerDesignName>
<indexState>Unique Plain Index</indexState>
<isSurrogateKey>false</isSurrogateKey>
<relationGeneratorID>D307C198-2841-74FB-6DB2-345D8CE71330</relationGeneratorID>
<indexColumnUsage>
<colUsage columnID="1F3FB962-12A6-427E-7983-6FC0CF71E4D6"/>
</indexColumnUsage>
</ind_PK_UK>
<ind_PK_UK id="792E4129-9F4C-DA5F-56B4-B477B54A8C40" name="PESSOA__IDXv1">
<createdBy>sidneibarbieri</createdBy>
<createdTime>2017-04-23 13:21:53 UTC</createdTime>
<ownerDesignName>HospitalER</ownerDesignName>
<indexState>Unique Plain Index</indexState>
<isSurrogateKey>false</isSurrogateKey>
<relationGeneratorID>80C9CD37-63FF-0F78-7587-5E83FBC8BF58</relationGeneratorID>
<indexColumnUsage>
<colUsage columnID="16027D99-3DB2-9025-20ED-63D5E18515C2"/>
</indexColumnUsage>
</ind_PK_UK>
<ind_PK_UK id="972B700B-DCB7-6B57-92BB-7CA528A13973" name="PESSOA_MEDICO_FK">
<createdBy>sidneibarbieri</createdBy>
<createdTime>2017-04-23 13:21:53 UTC</createdTime>
<generatorID>D307C198-2841-74FB-6DB2-345D8CE71330</generatorID>
<ownerDesignName>HospitalER</ownerDesignName>
<indexState>Foreign Key</indexState>
<isSurrogateKey>false</isSurrogateKey>
<indexColumnUsage>
<colUsage columnID="1F3FB962-12A6-427E-7983-6FC0CF71E4D6"/>
</indexColumnUsage>
</ind_PK_UK>
<ind_PK_UK id="E1178132-6BD6-6D04-B1B9-EE334CE10D81" name="PESSOA_TECNICOS_DE_ENFERMAGEM_FK">
<createdBy>sidneibarbieri</createdBy>
<createdTime>2017-04-23 13:21:53 UTC</createdTime>
<generatorID>80C9CD37-63FF-0F78-7587-5E83FBC8BF58</generatorID>
<ownerDesignName>HospitalER</ownerDesignName>
<indexState>Foreign Key</indexState>
<isSurrogateKey>false</isSurrogateKey>
<indexColumnUsage>
<colUsage columnID="16027D99-3DB2-9025-20ED-63D5E18515C2"/>
</indexColumnUsage>
</ind_PK_UK>
</indexes>
</Table>