<?xml version = '1.0' encoding = 'UTF-8'?>
<Table class="oracle.dbtools.crest.model.design.relational.Table" directorySegmentName="seg_0" id="ACAD0D6E-4627-0401-0903-3A6636FFACAD" name="SETOR">
<createdBy>sidneibarbieri</createdBy>
<createdTime>2017-04-23 13:21:53 UTC</createdTime>
<generatorID>844499A8-B528-1396-0307-AAE6002A8383</generatorID>
<ownerDesignName>HospitalER</ownerDesignName>
<abbreviation>set_</abbreviation>
<allowColumnReorder>false</allowColumnReorder>
<existDependencyGenerateInDDl>true</existDependencyGenerateInDDl>
<parsed>true</parsed>
<columns itemClass="oracle.dbtools.crest.model.design.relational.Column">
<Column name="set_id" id="4388C9AE-D18E-9808-3B16-22B12D7FB5DA">
<createdBy>sidneibarbieri</createdBy>
<createdTime>2017-04-23 13:21:53 UTC</createdTime>
<generatorID>145386A0-73CD-F64E-0333-DFECF1DD662F</generatorID>
<ownerDesignName>HospitalER</ownerDesignName>
<useDomainConstraints>false</useDomainConstraints>
<use>1</use>
<logicalDatatype>LOGDT019</logicalDatatype>
<ownDataTypeParameters>,,</ownDataTypeParameters>
<autoIncrementCycle>false</autoIncrementCycle>
</Column>
<Column name="set_nome" id="021828F6-E73A-11CE-3D2F-BE319C97985F">
<createdBy>sidneibarbieri</createdBy>
<createdTime>2017-04-23 13:21:53 UTC</createdTime>
<generatorID>54306553-0B3A-65C0-BA08-B6DD655E2C17</generatorID>
<ownerDesignName>HospitalER</ownerDesignName>
<nullsAllowed>true</nullsAllowed>
<useDomainConstraints>false</useDomainConstraints>
<use>1</use>
<logicalDatatype>LOGDT024</logicalDatatype>
<dataTypeSize>60 CHAR</dataTypeSize>
<ownDataTypeParameters>60 CHAR,,</ownDataTypeParameters>
<autoIncrementCycle>false</autoIncrementCycle>
</Column>
<Column name="set_nroleitos" id="B368240D-A4D0-8E84-5713-F980778985CE">
<createdBy>sidneibarbieri</createdBy>
<createdTime>2017-04-23 13:21:53 UTC</createdTime>
<generatorID>E4598261-3F6F-429C-55BE-F00D5454436A</generatorID>
<ownerDesignName>HospitalER</ownerDesignName>
<nullsAllowed>true</nullsAllowed>
<useDomainConstraints>false</useDomainConstraints>
<use>1</use>
<logicalDatatype>LOGDT011</logicalDatatype>
<ownDataTypeParameters>,,</ownDataTypeParameters>
<autoIncrementCycle>false</autoIncrementCycle>
</Column>
<Column name="ORGANIZACAO_DE_SAUDE_ods_id" id="4F7D4E7D-A533-39F8-D8FA-C1AFCA312B02">
<createdBy>sidneibarbieri</createdBy>
<createdTime>2017-04-23 13:21:53 UTC</createdTime>
<generatorID>BF930E0E-D5FA-0A6E-3D13-B0F43312147C</generatorID>
<ownerDesignName>HospitalER</ownerDesignName>
<nullsAllowed>true</nullsAllowed>
<useDomainConstraints>false</useDomainConstraints>
<use>1</use>
<logicalDatatype>LOGDT019</logicalDatatype>
<ownDataTypeParameters>,,</ownDataTypeParameters>
<previousColumn>false</previousColumn>
<autoIncrementCycle>false</autoIncrementCycle>
<associations>
<colAssociation fkAssociation="697EA881-A672-1961-E660-5925934E17D5" referredColumn="9439F53C-E5CB-3E79-0D76-BB1D561B28F8"/>
</associations>
</Column>
<Column name="TECNICOS_DE_ENFERMAGEM_tde_coren" id="45A524CC-3658-ED0F-80B9-C0A6048EA6E1">
<createdBy>sidneibarbieri</createdBy>
<createdTime>2017-04-23 13:25:26 UTC</createdTime>
<generatorID>076D0380-042E-B9E4-820D-E3399961E6BC</generatorID>
<ownerDesignName>HospitalER</ownerDesignName>
<useDomainConstraints>false</useDomainConstraints>
<use>1</use>
<logicalDatatype>LOGDT024</logicalDatatype>
<dataTypeSize>10 CHAR</dataTypeSize>
<ownDataTypeParameters>,,</ownDataTypeParameters>
<previousColumn>false</previousColumn>
<autoIncrementCycle>false</autoIncrementCycle>
<associations>
<colAssociation fkAssociation="CC9AA362-FAF0-549E-D627-17AE29D4215B" referredColumn="D6D930EA-4592-BE0A-87DA-14CB80FE3CF2"/>
</associations>
</Column>
<Column name="ENFERMEIRO_enf_coren" id="B07A3B7C-4D3E-6ADE-6B8C-CAD7E6B1008D">
<createdBy>sidneibarbieri</createdBy>
<createdTime>2017-04-23 13:25:26 UTC</createdTime>
<generatorID>56636055-675B-E48F-63AE-04C04ED6EA64</generatorID>
<ownerDesignName>HospitalER</ownerDesignName>
<useDomainConstraints>false</useDomainConstraints>
<use>1</use>
<logicalDatatype>LOGDT024</logicalDatatype>
<dataTypeSize>10 CHAR</dataTypeSize>
<ownDataTypeParameters>,,</ownDataTypeParameters>
<previousColumn>false</previousColumn>
<autoIncrementCycle>false</autoIncrementCycle>
<associations>
<colAssociation fkAssociation="5856D5C3-15CF-891C-2021-06C4F849822A" referredColumn="D8FF3E8A-188E-2292-7D0A-A08266AA4AE5"/>
</associations>
</Column>
</columns>
<indexes itemClass="oracle.dbtools.crest.model.design.relational.Index">
<ind_PK_UK id="4D4830BE-9A23-99AC-3BE6-F88E881339F8" name="SETOR_PK">
<createdBy>sidneibarbieri</createdBy>
<createdTime>2017-04-23 13:21:53 UTC</createdTime>
<generatorID>3AAF5EA9-B68D-5EC7-824C-765224C66EFC</generatorID>
<ownerDesignName>HospitalER</ownerDesignName>
<pk>true</pk>
<indexState>Primary Constraint</indexState>
<isSurrogateKey>false</isSurrogateKey>
<indexColumnUsage>
<colUsage columnID="4388C9AE-D18E-9808-3B16-22B12D7FB5DA"/>
</indexColumnUsage>
</ind_PK_UK>
<ind_PK_UK id="A6DF2194-2578-543F-0DBF-D6B8F2CF0B7C" name="SETOR__IDX">
<createdBy>sidneibarbieri</createdBy>
<createdTime>2017-04-23 13:25:26 UTC</createdTime>
<ownerDesignName>HospitalER</ownerDesignName>
<indexState>Unique Plain Index</indexState>
<isSurrogateKey>false</isSurrogateKey>
<relationGeneratorID>E8D543E3-6FE4-C4E6-696D-5FF60FF4ED03</relationGeneratorID>
<indexColumnUsage>
<colUsage columnID="B07A3B7C-4D3E-6ADE-6B8C-CAD7E6B1008D"/>
</indexColumnUsage>
</ind_PK_UK>
<ind_PK_UK id="6399322E-6ADD-96FE-B828-D52A6194D93A" name="SETOR__IDXv1">
<createdBy>sidneibarbieri</createdBy>
<createdTime>2017-04-23 13:25:26 UTC</createdTime>
<ownerDesignName>HospitalER</ownerDesignName>
<indexState>Unique Plain Index</indexState>
<isSurrogateKey>false</isSurrogateKey>
<relationGeneratorID>D71754F8-C931-5223-2189-73EF972DDC99</relationGeneratorID>
<indexColumnUsage>
<colUsage columnID="45A524CC-3658-ED0F-80B9-C0A6048EA6E1"/>
</indexColumnUsage>
</ind_PK_UK>
<ind_PK_UK id="8CEBA205-9FB5-0AEE-55E3-07040836D537" name="SETOR_ORGANIZACAO_DE_SAUDE_FK">
<createdBy>sidneibarbieri</createdBy>
<createdTime>2017-04-23 13:21:53 UTC</createdTime>
<generatorID>FE1650D8-AC97-7A12-F813-08E4CF958AE7</generatorID>
<ownerDesignName>HospitalER</ownerDesignName>
<indexState>Foreign Key</indexState>
<isSurrogateKey>false</isSurrogateKey>
<indexColumnUsage>
<colUsage columnID="4F7D4E7D-A533-39F8-D8FA-C1AFCA312B02"/>
</indexColumnUsage>
</ind_PK_UK>
<ind_PK_UK id="B85B972D-0A6B-2F30-BECC-B810B72BF3EB" name="SETOR_ENFERMEIRO_FK">
<createdBy>sidneibarbieri</createdBy>
<createdTime>2017-04-23 13:25:26 UTC</createdTime>
<generatorID>E8D543E3-6FE4-C4E6-696D-5FF60FF4ED03</generatorID>
<ownerDesignName>HospitalER</ownerDesignName>
<indexState>Foreign Key</indexState>
<isSurrogateKey>false</isSurrogateKey>
<indexColumnUsage>
<colUsage columnID="B07A3B7C-4D3E-6ADE-6B8C-CAD7E6B1008D"/>
</indexColumnUsage>
</ind_PK_UK>
<ind_PK_UK id="E68808E9-3D6F-4107-017A-E195D25627FC" name="SETOR_TECNICOS_DE_ENFERMAGEM_FK">
<createdBy>sidneibarbieri</createdBy>
<createdTime>2017-04-23 13:25:26 UTC</createdTime>
<generatorID>D71754F8-C931-5223-2189-73EF972DDC99</generatorID>
<ownerDesignName>HospitalER</ownerDesignName>
<indexState>Foreign Key</indexState>
<isSurrogateKey>false</isSurrogateKey>
<indexColumnUsage>
<colUsage columnID="45A524CC-3658-ED0F-80B9-C0A6048EA6E1"/>
</indexColumnUsage>
</ind_PK_UK>
</indexes>
</Table>