<?xml version = '1.0' encoding = 'UTF-8'?>
<Table class="oracle.dbtools.crest.model.design.relational.Table" directorySegmentName="seg_0" id="AFE1D8EF-22FE-8ED8-E566-29E517C0A80D" name="APRAZAMENTO_DE_MEDICAMENTO">
<createdBy>sidneibarbieri</createdBy>
<createdTime>2017-04-23 13:21:53 UTC</createdTime>
<generatorID>E7B51EFD-406E-DF16-6F58-F29DF987D8E5</generatorID>
<ownerDesignName>HospitalER</ownerDesignName>
<abbreviation>adm_</abbreviation>
<allowColumnReorder>false</allowColumnReorder>
<existDependencyGenerateInDDl>true</existDependencyGenerateInDDl>
<parsed>true</parsed>
<columns itemClass="oracle.dbtools.crest.model.design.relational.Column">
<Column name="adm_id" id="AE33C5E6-8BAE-51D6-0E52-91912F0374D8">
<createdBy>sidneibarbieri</createdBy>
<createdTime>2017-04-23 13:21:53 UTC</createdTime>
<generatorID>82A3C525-529C-30F4-80E6-C2C724AF736C</generatorID>
<ownerDesignName>HospitalER</ownerDesignName>
<useDomainConstraints>false</useDomainConstraints>
<use>1</use>
<logicalDatatype>LOGDT019</logicalDatatype>
<ownDataTypeParameters>,,</ownDataTypeParameters>
<autoIncrementCycle>false</autoIncrementCycle>
</Column>
<Column name="adm_data" id="925305FB-EDB1-1167-1E0E-881A92A11421">
<createdBy>sidneibarbieri</createdBy>
<createdTime>2017-04-23 13:21:53 UTC</createdTime>
<generatorID>CF2553C9-FF14-C6CE-C2CF-1AB1B5FF13F0</generatorID>
<ownerDesignName>HospitalER</ownerDesignName>
<useDomainConstraints>false</useDomainConstraints>
<use>1</use>
<logicalDatatype>LOGDT008</logicalDatatype>
<ownDataTypeParameters>,,</ownDataTypeParameters>
<autoIncrementCycle>false</autoIncrementCycle>
</Column>
<Column name="adm_checagem" id="4DADD850-EBA6-F35C-943F-BB1973CC14D1">
<createdBy>sidneibarbieri</createdBy>
<createdTime>2017-04-23 13:21:53 UTC</createdTime>
<generatorID>D0473FDA-D49E-C5E7-A6A6-A2178CDAA685</generatorID>
<ownerDesignName>HospitalER</ownerDesignName>
<nullsAllowed>true</nullsAllowed>
<useDomainConstraints>false</useDomainConstraints>
<use>1</use>
<logicalDatatype>LOGDT006</logicalDatatype>
<dataTypeSize>1 CHAR</dataTypeSize>
<ownDataTypeParameters>1 CHAR,,</ownDataTypeParameters>
<autoIncrementCycle>false</autoIncrementCycle>
</Column>
<Column name="adm_observacao" id="D4C49A40-EBF0-C064-887B-500312EEC1A2">
<createdBy>sidneibarbieri</createdBy>
<createdTime>2017-04-23 13:21:53 UTC</createdTime>
<generatorID>919CF0A5-6454-FEB2-3052-62CA7A63F41D</generatorID>
<ownerDesignName>HospitalER</ownerDesignName>
<nullsAllowed>true</nullsAllowed>
<useDomainConstraints>false</useDomainConstraints>
<use>1</use>
<logicalDatatype>LOGDT024</logicalDatatype>
<dataTypeSize>255 CHAR</dataTypeSize>
<ownDataTypeParameters>255 CHAR,,</ownDataTypeParameters>
<autoIncrementCycle>false</autoIncrementCycle>
</Column>
<Column name="ENFERMEIRO_enf_coren" id="20B1A4BE-8E85-1D35-F44E-7B3AC5AC719E">
<createdBy>sidneibarbieri</createdBy>
<createdTime>2017-04-23 13:21:53 UTC</createdTime>
<generatorID>952CD8D2-33FE-C68E-12B5-E0A39B45A89C</generatorID>
<ownerDesignName>HospitalER</ownerDesignName>
<nullsAllowed>true</nullsAllowed>
<useDomainConstraints>false</useDomainConstraints>
<use>1</use>
<logicalDatatype>LOGDT024</logicalDatatype>
<dataTypeSize>10 CHAR</dataTypeSize>
<ownDataTypeParameters>,,</ownDataTypeParameters>
<previousColumn>false</previousColumn>
<autoIncrementCycle>false</autoIncrementCycle>
<associations>
<colAssociation fkAssociation="F8907558-8BCD-E361-0079-FA00ABF7D978" referredColumn="D8FF3E8A-188E-2292-7D0A-A08266AA4AE5"/>
</associations>
</Column>
<Column name="PRESCRICAO_DE_MEDICAMENTO_pdm_id" id="462E9A48-CCCD-9537-733B-01091B4B46B6">
<createdBy>sidneibarbieri</createdBy>
<createdTime>2017-04-23 13:21:53 UTC</createdTime>
<generatorID>CE363629-0A41-1E38-500E-17849CA5E0C2</generatorID>
<ownerDesignName>HospitalER</ownerDesignName>
<nullsAllowed>true</nullsAllowed>
<useDomainConstraints>false</useDomainConstraints>
<use>1</use>
<logicalDatatype>LOGDT019</logicalDatatype>
<ownDataTypeParameters>,,</ownDataTypeParameters>
<previousColumn>false</previousColumn>
<autoIncrementCycle>false</autoIncrementCycle>
<associations>
<colAssociation fkAssociation="4481B443-8552-DBAC-2527-38C9A6CFD3FF" referredColumn="084A8A32-24E7-B7B8-7C7E-70A232627CFD"/>
</associations>
</Column>
<Column name="INTERNACAO_int_id" id="53B3F6A3-5331-1DF6-2A77-85F4608052B4">
<createdBy>sidneibarbieri</createdBy>
<createdTime>2017-04-23 13:21:53 UTC</createdTime>
<generatorID>16717D56-3D6B-5929-F030-03EFB209F761</generatorID>
<ownerDesignName>HospitalER</ownerDesignName>
<nullsAllowed>true</nullsAllowed>
<useDomainConstraints>false</useDomainConstraints>
<use>1</use>
<logicalDatatype>LOGDT019</logicalDatatype>
<ownDataTypeParameters>,,</ownDataTypeParameters>
<previousColumn>false</previousColumn>
<autoIncrementCycle>false</autoIncrementCycle>
<associations>
<colAssociation fkAssociation="2ACCDA74-732C-27EF-7448-5868E4FC8206" referredColumn="5FE40BA2-DDA5-5650-CFD2-A94B3DAD23F2"/>
</associations>
</Column>
<Column name="TECNICOS_DE_ENFERMAGEM_tde_coren" id="5E619B8A-EDB6-A5FE-1729-784B2964CBFD">
<createdBy>sidneibarbieri</createdBy>
<createdTime>2017-04-23 13:21:53 UTC</createdTime>
<generatorID>5BB9DA57-27E4-833B-3B3A-293FD96CC569</generatorID>
<ownerDesignName>HospitalER</ownerDesignName>
<nullsAllowed>true</nullsAllowed>
<useDomainConstraints>false</useDomainConstraints>
<use>1</use>
<logicalDatatype>LOGDT024</logicalDatatype>
<dataTypeSize>10 CHAR</dataTypeSize>
<ownDataTypeParameters>,,</ownDataTypeParameters>
<previousColumn>false</previousColumn>
<autoIncrementCycle>false</autoIncrementCycle>
<associations>
<colAssociation fkAssociation="229B69A2-3078-E554-E5C8-0A5DE37AC329" referredColumn="D6D930EA-4592-BE0A-87DA-14CB80FE3CF2"/>
</associations>
</Column>
</columns>
<indexes itemClass="oracle.dbtools.crest.model.design.relational.Index">
<ind_PK_UK id="CA2F6093-BD2A-7365-FDC6-697A0E50A5B2" name="APRAZAMENTO_DE_MEDICAMENTO_PK">
<createdBy>sidneibarbieri</createdBy>
<createdTime>2017-04-23 13:21:53 UTC</createdTime>
<generatorID>51262ECD-E3B7-61EB-4E13-9D0EBA6201C4</generatorID>
<ownerDesignName>HospitalER</ownerDesignName>
<pk>true</pk>
<indexState>Primary Constraint</indexState>
<isSurrogateKey>false</isSurrogateKey>
<indexColumnUsage>
<colUsage columnID="AE33C5E6-8BAE-51D6-0E52-91912F0374D8"/>
</indexColumnUsage>
</ind_PK_UK>
<ind_PK_UK id="05305E42-E32F-7242-8FD0-85E716EB2CF8" name="APRAZAMENTO_DE_MEDICAMENTO_TECNICOS_DE_ENFERMAGEM_FK">
<createdBy>sidneibarbieri</createdBy>
<createdTime>2017-04-23 13:21:53 UTC</createdTime>
<generatorID>2EC7C31E-A48D-13D9-3540-00550A4C22A7</generatorID>
<ownerDesignName>HospitalER</ownerDesignName>
<indexState>Foreign Key</indexState>
<isSurrogateKey>false</isSurrogateKey>
<indexColumnUsage>
<colUsage columnID="5E619B8A-EDB6-A5FE-1729-784B2964CBFD"/>
</indexColumnUsage>
</ind_PK_UK>
<ind_PK_UK id="6436D12E-BADA-5AFF-B167-6A3C58F2836E" name="APRAZAMENTO_DE_MEDICAMENTO_ENFERMEIRO_FK">
<createdBy>sidneibarbieri</createdBy>
<createdTime>2017-04-23 13:21:53 UTC</createdTime>
<generatorID>C9A2F362-82F4-138C-8B9D-6BDCFD17EA52</generatorID>
<ownerDesignName>HospitalER</ownerDesignName>
<indexState>Foreign Key</indexState>
<isSurrogateKey>false</isSurrogateKey>
<indexColumnUsage>
<colUsage columnID="20B1A4BE-8E85-1D35-F44E-7B3AC5AC719E"/>
</indexColumnUsage>
</ind_PK_UK>
<ind_PK_UK id="43F7041B-4F60-DDF2-9E97-05B07FE282DA" name="APRAZAMENTO_DE_MEDICAMENTO_PRESCRICAO_DE_MEDICAMENTO_FK">
<createdBy>sidneibarbieri</createdBy>
<createdTime>2017-04-23 13:21:53 UTC</createdTime>
<generatorID>CACAADF9-CE15-4F9D-552B-26D45BA9EC53</generatorID>
<ownerDesignName>HospitalER</ownerDesignName>
<indexState>Foreign Key</indexState>
<isSurrogateKey>false</isSurrogateKey>
<indexColumnUsage>
<colUsage columnID="462E9A48-CCCD-9537-733B-01091B4B46B6"/>
</indexColumnUsage>
</ind_PK_UK>
<ind_PK_UK id="760DA93C-FE7E-8746-6658-C7BC67BFB8D8" name="APRAZAMENTO_DE_MEDICAMENTO_INTERNACAO_FK">
<createdBy>sidneibarbieri</createdBy>
<createdTime>2017-04-23 13:21:53 UTC</createdTime>
<generatorID>86F7E558-192B-BD0F-D2E3-E94636FD2492</generatorID>
<ownerDesignName>HospitalER</ownerDesignName>
<indexState>Foreign Key</indexState>
<isSurrogateKey>false</isSurrogateKey>
<indexColumnUsage>
<colUsage columnID="53B3F6A3-5331-1DF6-2A77-85F4608052B4"/>
</indexColumnUsage>
</ind_PK_UK>
</indexes>
</Table>