<?xml version = '1.0' encoding = 'UTF-8'?>
<Table class="oracle.dbtools.crest.model.design.relational.Table" directorySegmentName="seg_0" id="BC8DDC47-8070-7E6E-E585-8DD2B1476728" name="ORGANIZACAO_DE_SAUDE">
<createdBy>sidneibarbieri</createdBy>
<createdTime>2017-04-23 13:21:53 UTC</createdTime>
<generatorID>BAAC005F-1296-AAA1-5BFF-16A30A5ABAA7</generatorID>
<ownerDesignName>HospitalER</ownerDesignName>
<abbreviation>ods_</abbreviation>
<allowColumnReorder>false</allowColumnReorder>
<existDependencyGenerateInDDl>true</existDependencyGenerateInDDl>
<parsed>true</parsed>
<columns itemClass="oracle.dbtools.crest.model.design.relational.Column">
<Column name="ods_id" id="9439F53C-E5CB-3E79-0D76-BB1D561B28F8">
<createdBy>sidneibarbieri</createdBy>
<createdTime>2017-04-23 13:21:53 UTC</createdTime>
<generatorID>5DCF0EB2-1FAB-3335-C648-201ACD454493</generatorID>
<ownerDesignName>HospitalER</ownerDesignName>
<useDomainConstraints>false</useDomainConstraints>
<use>1</use>
<logicalDatatype>LOGDT019</logicalDatatype>
<ownDataTypeParameters>,,</ownDataTypeParameters>
<autoIncrementCycle>false</autoIncrementCycle>
</Column>
<Column name="ods_nome" id="18E8DB38-D74E-0366-A8BC-280245206E15">
<createdBy>sidneibarbieri</createdBy>
<createdTime>2017-04-23 13:21:53 UTC</createdTime>
<generatorID>ABCBC4C6-C8EC-5E49-8E1D-B5ADDE882ECE</generatorID>
<ownerDesignName>HospitalER</ownerDesignName>
<nullsAllowed>true</nullsAllowed>
<useDomainConstraints>false</useDomainConstraints>
<use>1</use>
<logicalDatatype>LOGDT024</logicalDatatype>
<dataTypeSize>60 CHAR</dataTypeSize>
<ownDataTypeParameters>60 CHAR,,</ownDataTypeParameters>
<autoIncrementCycle>false</autoIncrementCycle>
</Column>
<Column name="ods_tipo" id="70EA0689-B504-26E5-ADD8-6A9D4BE9024E">
<createdBy>sidneibarbieri</createdBy>
<createdTime>2017-04-23 13:21:53 UTC</createdTime>
<generatorID>FD2E536E-94DC-9B5F-55E7-76BC15847B7C</generatorID>
<ownerDesignName>HospitalER</ownerDesignName>
<nullsAllowed>true</nullsAllowed>
<useDomainConstraints>false</useDomainConstraints>
<use>1</use>
<logicalDatatype>LOGDT024</logicalDatatype>
<dataTypeSize>60 CHAR</dataTypeSize>
<ownDataTypeParameters>60 CHAR,,</ownDataTypeParameters>
<autoIncrementCycle>false</autoIncrementCycle>
</Column>
<Column name="ods_endereco" id="31025964-955D-00E7-60EB-88F8333064F6">
<createdBy>sidneibarbieri</createdBy>
<createdTime>2017-04-23 13:21:53 UTC</createdTime>
<generatorID>11C670DB-8842-AED6-21C9-1768AC8C01D7</generatorID>
<ownerDesignName>HospitalER</ownerDesignName>
<nullsAllowed>true</nullsAllowed>
<useDomainConstraints>false</useDomainConstraints>
<use>1</use>
<logicalDatatype>LOGDT024</logicalDatatype>
<dataTypeSize>255 CHAR</dataTypeSize>
<ownDataTypeParameters>255 CHAR,,</ownDataTypeParameters>
<autoIncrementCycle>false</autoIncrementCycle>
</Column>
</columns>
<indexes itemClass="oracle.dbtools.crest.model.design.relational.Index">
<ind_PK_UK id="C81B8ED9-4C39-AD76-0B8F-B8D695F2EF98" name="ORGANIZACAO_DE_SAUDE_PK">
<createdBy>sidneibarbieri</createdBy>
<createdTime>2017-04-23 13:21:53 UTC</createdTime>
<generatorID>5DA55150-3FEB-CF1F-1B5F-EE12555CD91E</generatorID>
<ownerDesignName>HospitalER</ownerDesignName>
<pk>true</pk>
<indexState>Primary Constraint</indexState>
<isSurrogateKey>false</isSurrogateKey>
<indexColumnUsage>
<colUsage columnID="9439F53C-E5CB-3E79-0D76-BB1D561B28F8"/>
</indexColumnUsage>
</ind_PK_UK>
</indexes>
</Table>