<?xml version = '1.0' encoding = 'UTF-8'?>
<Table class="oracle.dbtools.crest.model.design.relational.Table" directorySegmentName="seg_0" id="CA9CC5BE-BA83-CDF8-3EF5-F0DF3C07EA47" name="POSSUIv3">
<createdBy>sidneibarbieri</createdBy>
<createdTime>2017-04-23 13:21:53 UTC</createdTime>
<ownerDesignName>HospitalER</ownerDesignName>
<allowColumnReorder>false</allowColumnReorder>
<existDependencyGenerateInDDl>true</existDependencyGenerateInDDl>
<parsed>true</parsed>
<columns itemClass="oracle.dbtools.crest.model.design.relational.Column">
<Column name="PRESCRICAO_DE_MEDICAMENTO_pdm_id" id="242BC8DB-8A2A-944A-0B3E-7CED2A78FF0E">
<createdBy>sidneibarbieri</createdBy>
<createdTime>2017-04-23 13:21:53 UTC</createdTime>
<ownerDesignName>HospitalER</ownerDesignName>
<useDomainConstraints>false</useDomainConstraints>
<use>1</use>
<logicalDatatype>LOGDT019</logicalDatatype>
<ownDataTypeParameters>,,</ownDataTypeParameters>
<previousColumn>false</previousColumn>
<autoIncrementCycle>false</autoIncrementCycle>
<associations>
<colAssociation fkAssociation="FF76E251-327E-AAA5-8531-20BEF680B21F" referredColumn="084A8A32-24E7-B7B8-7C7E-70A232627CFD"/>
</associations>
</Column>
<Column name="DROGA_dro_id" id="4F9EEC1F-30D1-21F3-E67B-890940D9DF93">
<createdBy>sidneibarbieri</createdBy>
<createdTime>2017-04-23 13:21:53 UTC</createdTime>
<ownerDesignName>HospitalER</ownerDesignName>
<useDomainConstraints>false</useDomainConstraints>
<use>1</use>
<logicalDatatype>LOGDT019</logicalDatatype>
<ownDataTypeParameters>,,</ownDataTypeParameters>
<previousColumn>false</previousColumn>
<autoIncrementCycle>false</autoIncrementCycle>
<associations>
<colAssociation fkAssociation="5D675084-FDAF-2034-AEFB-EA093C260E26" referredColumn="9FB92B3D-83CA-2F0B-6A56-37CF1189CD17"/>
</associations>
</Column>
</columns>
<indexes itemClass="oracle.dbtools.crest.model.design.relational.Index">
<ind_PK_UK id="24BB83F5-2B32-63C0-E839-53E4D6C00C7F" name="POSSUIv3_PK">
<createdBy>sidneibarbieri</createdBy>
<createdTime>2017-04-23 13:21:53 UTC</createdTime>
<ownerDesignName>HospitalER</ownerDesignName>
<pk>true</pk>
<indexState>Primary Constraint</indexState>
<isSurrogateKey>false</isSurrogateKey>
<indexColumnUsage>
<colUsage columnID="242BC8DB-8A2A-944A-0B3E-7CED2A78FF0E"/>
<colUsage columnID="4F9EEC1F-30D1-21F3-E67B-890940D9DF93"/>
</indexColumnUsage>
</ind_PK_UK>
<ind_PK_UK id="84D44452-FDA0-3FED-0770-4C8E6500DB02" name="FK_ASS_13">
<createdBy>sidneibarbieri</createdBy>
<createdTime>2017-04-23 13:21:53 UTC</createdTime>
<generatorID>5935619A-FEF8-234B-A28D-433D5CD5E530</generatorID>
<ownerDesignName>HospitalER</ownerDesignName>
<indexState>Foreign Key</indexState>
<isSurrogateKey>false</isSurrogateKey>
<indexColumnUsage>
<colUsage columnID="242BC8DB-8A2A-944A-0B3E-7CED2A78FF0E"/>
</indexColumnUsage>
</ind_PK_UK>
<ind_PK_UK id="1DAC1C9A-6484-D887-D900-C16CEF2FCD17" name="FK_ASS_14">
<createdBy>sidneibarbieri</createdBy>
<createdTime>2017-04-23 13:21:53 UTC</createdTime>
<generatorID>5935619A-FEF8-234B-A28D-433D5CD5E530</generatorID>
<ownerDesignName>HospitalER</ownerDesignName>
<indexState>Foreign Key</indexState>
<isSurrogateKey>false</isSurrogateKey>
<indexColumnUsage>
<colUsage columnID="4F9EEC1F-30D1-21F3-E67B-890940D9DF93"/>
</indexColumnUsage>
</ind_PK_UK>
</indexes>
</Table>