<?xml version = '1.0' encoding = 'UTF-8'?>
<Table class="oracle.dbtools.crest.model.design.relational.Table" directorySegmentName="seg_0" id="E7E2B608-69E9-5AC4-CFD1-9C3FC4C904CA" name="PRESCRICAO_DE_MEDICAMENTO">
<createdBy>sidneibarbieri</createdBy>
<createdTime>2017-04-23 13:21:53 UTC</createdTime>
<generatorID>FF41185F-D362-FDD2-C700-EE1F8BCCC549</generatorID>
<ownerDesignName>HospitalER</ownerDesignName>
<abbreviation>pdm_</abbreviation>
<allowColumnReorder>false</allowColumnReorder>
<existDependencyGenerateInDDl>true</existDependencyGenerateInDDl>
<parsed>true</parsed>
<columns itemClass="oracle.dbtools.crest.model.design.relational.Column">
<Column name="pdm_id" id="084A8A32-24E7-B7B8-7C7E-70A232627CFD">
<createdBy>sidneibarbieri</createdBy>
<createdTime>2017-04-23 13:21:53 UTC</createdTime>
<generatorID>FC4F3656-A36C-4735-1BC4-1E33FCACC224</generatorID>
<ownerDesignName>HospitalER</ownerDesignName>
<useDomainConstraints>false</useDomainConstraints>
<use>1</use>
<logicalDatatype>LOGDT019</logicalDatatype>
<ownDataTypeParameters>,,</ownDataTypeParameters>
<autoIncrementCycle>false</autoIncrementCycle>
</Column>
<Column name="pdm_data" id="0A2BC219-0698-6020-0CFF-904303841C77">
<createdBy>sidneibarbieri</createdBy>
<createdTime>2017-04-23 13:21:53 UTC</createdTime>
<generatorID>6C524CC5-1C0E-13F1-3600-09DC8E7C8762</generatorID>
<ownerDesignName>HospitalER</ownerDesignName>
<useDomainConstraints>false</useDomainConstraints>
<use>1</use>
<logicalDatatype>LOGDT008</logicalDatatype>
<ownDataTypeParameters>,,</ownDataTypeParameters>
<autoIncrementCycle>false</autoIncrementCycle>
</Column>
<Column name="pdm_dosagem" id="C4E7641A-5CD8-D44E-5061-B987447D3220">
<createdBy>sidneibarbieri</createdBy>
<createdTime>2017-04-23 13:21:53 UTC</createdTime>
<generatorID>E08B96BB-4592-AFCC-1B4D-62FD29C09857</generatorID>
<ownerDesignName>HospitalER</ownerDesignName>
<useDomainConstraints>false</useDomainConstraints>
<use>1</use>
<logicalDatatype>LOGDT024</logicalDatatype>
<dataTypeSize>60 CHAR</dataTypeSize>
<ownDataTypeParameters>60 CHAR,,</ownDataTypeParameters>
<autoIncrementCycle>false</autoIncrementCycle>
</Column>
<Column name="pdm_periodicidade" id="FD6C04FF-E236-063F-BAC1-92E55D67AEEE">
<createdBy>sidneibarbieri</createdBy>
<createdTime>2017-04-23 13:21:53 UTC</createdTime>
<generatorID>BCE18F4B-661B-9A38-10C1-C565B23E6BB4</generatorID>
<ownerDesignName>HospitalER</ownerDesignName>
<nullsAllowed>true</nullsAllowed>
<useDomainConstraints>false</useDomainConstraints>
<use>1</use>
<logicalDatatype>LOGDT011</logicalDatatype>
<ownDataTypeParameters>,,</ownDataTypeParameters>
<autoIncrementCycle>false</autoIncrementCycle>
</Column>
<Column name="pdm_prazo" id="8B417524-0852-1E10-698B-B038E806FF0B">
<createdBy>sidneibarbieri</createdBy>
<createdTime>2017-04-23 13:21:53 UTC</createdTime>
<generatorID>2A4082D2-BC77-D185-D649-74B059F40E5A</generatorID>
<ownerDesignName>HospitalER</ownerDesignName>
<nullsAllowed>true</nullsAllowed>
<useDomainConstraints>false</useDomainConstraints>
<use>1</use>
<logicalDatatype>LOGDT011</logicalDatatype>
<ownDataTypeParameters>,,</ownDataTypeParameters>
<autoIncrementCycle>false</autoIncrementCycle>
</Column>
<Column name="MEDICO_med_crm" id="200B4EF7-AB2E-1C6D-F368-90F962978C2C">
<createdBy>sidneibarbieri</createdBy>
<createdTime>2017-04-23 13:21:53 UTC</createdTime>
<generatorID>38B407BE-C0EE-320F-573C-E34518F6957D</generatorID>
<ownerDesignName>HospitalER</ownerDesignName>
<nullsAllowed>true</nullsAllowed>
<useDomainConstraints>false</useDomainConstraints>
<use>1</use>
<logicalDatatype>LOGDT024</logicalDatatype>
<dataTypeSize>10 CHAR</dataTypeSize>
<ownDataTypeParameters>,,</ownDataTypeParameters>
<previousColumn>false</previousColumn>
<autoIncrementCycle>false</autoIncrementCycle>
<associations>
<colAssociation fkAssociation="C1BCDEA3-AE96-3706-A349-5E0C77A906E8" referredColumn="3DF53359-49E7-3D11-A4F0-C1EEF6834CD5"/>
</associations>
</Column>
</columns>
<indexes itemClass="oracle.dbtools.crest.model.design.relational.Index">
<ind_PK_UK id="50A91BC1-8AF3-CA52-891E-862544117FCD" name="PRESCRICAO_DE_MEDICAMENTO_PK">
<createdBy>sidneibarbieri</createdBy>
<createdTime>2017-04-23 13:21:53 UTC</createdTime>
<generatorID>156924A9-0EEF-D8E8-55E2-C0B928D0DA60</generatorID>
<ownerDesignName>HospitalER</ownerDesignName>
<pk>true</pk>
<indexState>Primary Constraint</indexState>
<isSurrogateKey>false</isSurrogateKey>
<indexColumnUsage>
<colUsage columnID="084A8A32-24E7-B7B8-7C7E-70A232627CFD"/>
</indexColumnUsage>
</ind_PK_UK>
<ind_PK_UK id="ED993AE3-9AAD-DEDC-35C8-08EDCE8FD6B1" name="PRESCRICAO_DE_MEDICAMENTO_MEDICO_FK">
<createdBy>sidneibarbieri</createdBy>
<createdTime>2017-04-23 13:21:53 UTC</createdTime>
<generatorID>B2735955-4D69-218C-96D1-7777409CF9EE</generatorID>
<ownerDesignName>HospitalER</ownerDesignName>
<indexState>Foreign Key</indexState>
<isSurrogateKey>false</isSurrogateKey>
<indexColumnUsage>
<colUsage columnID="200B4EF7-AB2E-1C6D-F368-90F962978C2C"/>
</indexColumnUsage>
</ind_PK_UK>
</indexes>
</Table>