<?xml version = '1.0' encoding = 'UTF-8'?>
<Table class="oracle.dbtools.crest.model.design.relational.Table" directorySegmentName="seg_0" id="EBEFA572-008B-75D6-C8E6-DD0F9AF5608B" name="DROGA">
<createdBy>sidneibarbieri</createdBy>
<createdTime>2017-04-23 13:21:53 UTC</createdTime>
<generatorID>8C90B241-E9CD-E4BB-DB41-6D130A14D7FE</generatorID>
<ownerDesignName>HospitalER</ownerDesignName>
<abbreviation>dro_</abbreviation>
<allowColumnReorder>false</allowColumnReorder>
<existDependencyGenerateInDDl>true</existDependencyGenerateInDDl>
<parsed>true</parsed>
<columns itemClass="oracle.dbtools.crest.model.design.relational.Column">
<Column name="dro_id" id="9FB92B3D-83CA-2F0B-6A56-37CF1189CD17">
<createdBy>sidneibarbieri</createdBy>
<createdTime>2017-04-23 13:21:53 UTC</createdTime>
<generatorID>3ED811F7-0C12-9DFC-BF9B-999057DAE02B</generatorID>
<ownerDesignName>HospitalER</ownerDesignName>
<useDomainConstraints>false</useDomainConstraints>
<use>1</use>
<logicalDatatype>LOGDT019</logicalDatatype>
<ownDataTypeParameters>,,</ownDataTypeParameters>
<autoIncrementCycle>false</autoIncrementCycle>
</Column>
<Column name="dro_nome" id="D55E5FCB-D006-3ED3-5C76-BD86AF6080D2">
<createdBy>sidneibarbieri</createdBy>
<createdTime>2017-04-23 13:21:53 UTC</createdTime>
<generatorID>34AF9DC5-138E-EEAF-A9A9-6C9ACA82BCDD</generatorID>
<ownerDesignName>HospitalER</ownerDesignName>
<nullsAllowed>true</nullsAllowed>
<useDomainConstraints>false</useDomainConstraints>
<use>1</use>
<logicalDatatype>LOGDT024</logicalDatatype>
<dataTypeSize>60 CHAR</dataTypeSize>
<ownDataTypeParameters>60 CHAR,,</ownDataTypeParameters>
<autoIncrementCycle>false</autoIncrementCycle>
</Column>
<Column name="dro_apresentacao" id="C28E3096-AC83-0757-E692-FFD173AEF0CE">
<createdBy>sidneibarbieri</createdBy>
<createdTime>2017-04-23 13:21:53 UTC</createdTime>
<generatorID>4617D473-3140-5CE6-DE71-AF23D2B07C3C</generatorID>
<ownerDesignName>HospitalER</ownerDesignName>
<nullsAllowed>true</nullsAllowed>
<useDomainConstraints>false</useDomainConstraints>
<use>1</use>
<logicalDatatype>LOGDT024</logicalDatatype>
<dataTypeSize>40 CHAR</dataTypeSize>
<ownDataTypeParameters>40 CHAR,,</ownDataTypeParameters>
<autoIncrementCycle>false</autoIncrementCycle>
</Column>
<Column name="dro_quantidade" id="5360F978-A4D0-581C-DA25-6BED1DD5B4F1">
<createdBy>sidneibarbieri</createdBy>
<createdTime>2017-04-23 13:21:53 UTC</createdTime>
<generatorID>0B27DCA9-F44A-FB8A-40A9-9972D829630A</generatorID>
<ownerDesignName>HospitalER</ownerDesignName>
<nullsAllowed>true</nullsAllowed>
<useDomainConstraints>false</useDomainConstraints>
<use>1</use>
<logicalDatatype>LOGDT011</logicalDatatype>
<ownDataTypeParameters>,,</ownDataTypeParameters>
<autoIncrementCycle>false</autoIncrementCycle>
</Column>
</columns>
<indexes itemClass="oracle.dbtools.crest.model.design.relational.Index">
<ind_PK_UK id="EFD632AC-3B25-1A8C-1C1D-4AD637F58D69" name="DROGA_PK">
<createdBy>sidneibarbieri</createdBy>
<createdTime>2017-04-23 13:21:53 UTC</createdTime>
<generatorID>4010A825-10F8-9E2A-AF4C-AFEC2728AB3B</generatorID>
<ownerDesignName>HospitalER</ownerDesignName>
<pk>true</pk>
<indexState>Primary Constraint</indexState>
<isSurrogateKey>false</isSurrogateKey>
<indexColumnUsage>
<colUsage columnID="9FB92B3D-83CA-2F0B-6A56-37CF1189CD17"/>
</indexColumnUsage>
</ind_PK_UK>
</indexes>
</Table>